"","run","experiment","value","method","oracle","name","mean","two_se"
"1","unstructured_splatter_X_and_Beta","nonsparsity","0.1","IBMR","observed","Beta_FPR",0.267476519298396,0.108754007204309
"2","unstructured_splatter_X_and_Beta","nonsparsity","0.1","IBMR","observed","Beta_SSE",37.2808328323676,6.50711313545878
"3","unstructured_splatter_X_and_Beta","nonsparsity","0.1","IBMR","observed","Beta_TPR",0.894020861091689,0.0359638521904301
"4","unstructured_splatter_X_and_Beta","nonsparsity","0.1","IBMR","observed","error",0.567014285714286,0.0533932121345103
"5","unstructured_splatter_X_and_Beta","nonsparsity","0.1","IBMR","observed","hellinger_distance",0.175997406961373,0.0162739139979726
"6","unstructured_splatter_X_and_Beta","nonsparsity","0.1","IBMR","observed","KL_divergence",0.151276701949189,0.0341963031767132
"7","unstructured_splatter_X_and_Beta","nonsparsity","0.1","IBMR","ORC_fine","Beta_FPR",0.212053571428571,NA
"8","unstructured_splatter_X_and_Beta","nonsparsity","0.1","IBMR","ORC_fine","Beta_SSE",31.9143515218356,NA
"9","unstructured_splatter_X_and_Beta","nonsparsity","0.1","IBMR","ORC_fine","Beta_TPR",0.980769230769231,NA
"10","unstructured_splatter_X_and_Beta","nonsparsity","0.1","IBMR","ORC_fine","error",0.4752,NA
"11","unstructured_splatter_X_and_Beta","nonsparsity","0.1","IBMR","ORC_fine","hellinger_distance",0.138290572241628,NA
"12","unstructured_splatter_X_and_Beta","nonsparsity","0.1","IBMR","ORC_fine","KL_divergence",0.0877748993038587,NA
"13","unstructured_splatter_X_and_Beta","nonsparsity","0.1","IBMR","ORC_clean","Beta_FPR",0.181983786256945,0.0834312693205429
"14","unstructured_splatter_X_and_Beta","nonsparsity","0.1","IBMR","ORC_clean","Beta_SSE",15.8706498090247,2.37431026437018
"15","unstructured_splatter_X_and_Beta","nonsparsity","0.1","IBMR","ORC_clean","Beta_TPR",0.88898643217971,0.0319331422274495
"16","unstructured_splatter_X_and_Beta","nonsparsity","0.1","IBMR","ORC_clean","error",0.555655555555556,0.0388162209951675
"17","unstructured_splatter_X_and_Beta","nonsparsity","0.1","IBMR","ORC_clean","hellinger_distance",0.115518636780292,0.00636292555804282
"18","unstructured_splatter_X_and_Beta","nonsparsity","0.1","IBMR","ORC_clean","KL_divergence",0.0613239285812871,0.00803340778151376
"19","unstructured_splatter_X_and_Beta","nonsparsity","0.1","IBMR","ORC_fine_clean","Beta_FPR",0.0772005765310331,0.0154349718589469
"20","unstructured_splatter_X_and_Beta","nonsparsity","0.1","IBMR","ORC_fine_clean","Beta_SSE",10.9925117004707,0.427439398246429
"21","unstructured_splatter_X_and_Beta","nonsparsity","0.1","IBMR","ORC_fine_clean","Beta_TPR",0.895776772247361,0.0550236498012475
"22","unstructured_splatter_X_and_Beta","nonsparsity","0.1","IBMR","ORC_fine_clean","error",0.485166666666667,0.0112666666666666
"23","unstructured_splatter_X_and_Beta","nonsparsity","0.1","IBMR","ORC_fine_clean","hellinger_distance",0.097624040185566,0.00430948491312748
"24","unstructured_splatter_X_and_Beta","nonsparsity","0.1","IBMR","ORC_fine_clean","KL_divergence",0.0425132819120913,0.00390924099834434
"25","unstructured_splatter_X_and_Beta","nonsparsity","0.1","IBMR_no_Gamma","observed","Beta_FPR",0.273039740960751,0.0761974329765951
"26","unstructured_splatter_X_and_Beta","nonsparsity","0.1","IBMR_no_Gamma","observed","Beta_SSE",35.7428876648423,5.26255330587766
"27","unstructured_splatter_X_and_Beta","nonsparsity","0.1","IBMR_no_Gamma","observed","Beta_TPR",0.890857119770985,0.0400077227846445
"28","unstructured_splatter_X_and_Beta","nonsparsity","0.1","IBMR_no_Gamma","observed","error",0.5901,0.0438287272611621
"29","unstructured_splatter_X_and_Beta","nonsparsity","0.1","IBMR_no_Gamma","observed","hellinger_distance",0.179622749396089,0.0122858913187355
"30","unstructured_splatter_X_and_Beta","nonsparsity","0.1","IBMR_no_Gamma","observed","KL_divergence",0.156543788737926,0.0256583531749474
"31","unstructured_splatter_X_and_Beta","nonsparsity","0.1","IBMR_no_Gamma","ORC_fine","Beta_FPR",0.343363004895641,0.0702233547081753
"32","unstructured_splatter_X_and_Beta","nonsparsity","0.1","IBMR_no_Gamma","ORC_fine","Beta_SSE",30.9496710936744,3.47507527555814
"33","unstructured_splatter_X_and_Beta","nonsparsity","0.1","IBMR_no_Gamma","ORC_fine","Beta_TPR",0.960993689783606,0.047573023761158
"34","unstructured_splatter_X_and_Beta","nonsparsity","0.1","IBMR_no_Gamma","ORC_fine","error",0.56026,0.0369645620080158
"35","unstructured_splatter_X_and_Beta","nonsparsity","0.1","IBMR_no_Gamma","ORC_fine","hellinger_distance",0.142962999075994,0.00381216715986695
"36","unstructured_splatter_X_and_Beta","nonsparsity","0.1","IBMR_no_Gamma","ORC_fine","KL_divergence",0.091865372873892,0.005524949153084
"37","unstructured_splatter_X_and_Beta","nonsparsity","0.1","IBMR_no_Gamma","ORC_clean","Beta_FPR",0.170643324158928,0.0778422509934156
"38","unstructured_splatter_X_and_Beta","nonsparsity","0.1","IBMR_no_Gamma","ORC_clean","Beta_SSE",15.5526060804932,2.20980227190077
"39","unstructured_splatter_X_and_Beta","nonsparsity","0.1","IBMR_no_Gamma","ORC_clean","Beta_TPR",0.881337788961739,0.0324004233046124
"40","unstructured_splatter_X_and_Beta","nonsparsity","0.1","IBMR_no_Gamma","ORC_clean","error",0.56367,0.0382398285677236
"41","unstructured_splatter_X_and_Beta","nonsparsity","0.1","IBMR_no_Gamma","ORC_clean","hellinger_distance",0.116551929202521,0.00608195010949954
"42","unstructured_splatter_X_and_Beta","nonsparsity","0.1","IBMR_no_Gamma","ORC_clean","KL_divergence",0.0620427771830283,0.00733971405108318
"43","unstructured_splatter_X_and_Beta","nonsparsity","0.1","IBMR_no_Gamma","ORC_fine_clean","Beta_FPR",0.139826185556684,0.0587925131257082
"44","unstructured_splatter_X_and_Beta","nonsparsity","0.1","IBMR_no_Gamma","ORC_fine_clean","Beta_SSE",11.0497167549367,0.836448364512903
"45","unstructured_splatter_X_and_Beta","nonsparsity","0.1","IBMR_no_Gamma","ORC_fine_clean","Beta_TPR",0.920034052082371,0.0185781073602014
"46","unstructured_splatter_X_and_Beta","nonsparsity","0.1","IBMR_no_Gamma","ORC_fine_clean","error",0.55933,0.0364562940763015
"47","unstructured_splatter_X_and_Beta","nonsparsity","0.1","IBMR_no_Gamma","ORC_fine_clean","hellinger_distance",0.0984865185241684,0.00318358225589441
"48","unstructured_splatter_X_and_Beta","nonsparsity","0.1","IBMR_no_Gamma","ORC_fine_clean","KL_divergence",0.042861630418039,0.00284628094854087
"49","unstructured_splatter_X_and_Beta","nonsparsity","0.1","glmnet_subset","observed","Beta_FPR",0.301640097922431,0.0768208668982795
"50","unstructured_splatter_X_and_Beta","nonsparsity","0.1","glmnet_subset","observed","Beta_SSE",69.6005991514745,9.56207894632631
"51","unstructured_splatter_X_and_Beta","nonsparsity","0.1","glmnet_subset","observed","Beta_TPR",0.829196116908302,0.0310757553351882
"52","unstructured_splatter_X_and_Beta","nonsparsity","0.1","glmnet_subset","observed","error",0.60875,0.0419758157885122
"53","unstructured_splatter_X_and_Beta","nonsparsity","0.1","glmnet_subset","observed","hellinger_distance",0.254664329574168,0.00744869696266897
"54","unstructured_splatter_X_and_Beta","nonsparsity","0.1","glmnet_subset","observed","KL_divergence",0.29547810491785,0.0236096330225611
"55","unstructured_splatter_X_and_Beta","nonsparsity","0.1","glmnet_subset","ORC_fine","Beta_FPR",0.343363004895641,0.0702233547081753
"56","unstructured_splatter_X_and_Beta","nonsparsity","0.1","glmnet_subset","ORC_fine","Beta_SSE",30.9654099116871,3.47709365475991
"57","unstructured_splatter_X_and_Beta","nonsparsity","0.1","glmnet_subset","ORC_fine","Beta_TPR",0.960993689783606,0.047573023761158
"58","unstructured_splatter_X_and_Beta","nonsparsity","0.1","glmnet_subset","ORC_fine","error",0.56025,0.0369576364083107
"59","unstructured_splatter_X_and_Beta","nonsparsity","0.1","glmnet_subset","ORC_fine","hellinger_distance",0.142940840612936,0.00380963251605224
"60","unstructured_splatter_X_and_Beta","nonsparsity","0.1","glmnet_subset","ORC_fine","KL_divergence",0.091838919595767,0.00551966440797418
"61","unstructured_splatter_X_and_Beta","nonsparsity","0.1","glmnet_subset","ORC_clean","Beta_FPR",0.183068133004775,0.0748450961975632
"62","unstructured_splatter_X_and_Beta","nonsparsity","0.1","glmnet_subset","ORC_clean","Beta_SSE",33.0497863262523,5.25231495838786
"63","unstructured_splatter_X_and_Beta","nonsparsity","0.1","glmnet_subset","ORC_clean","Beta_TPR",0.809340543909872,0.023632429119955
"64","unstructured_splatter_X_and_Beta","nonsparsity","0.1","glmnet_subset","ORC_clean","error",0.57423,0.0404908993890397
"65","unstructured_splatter_X_and_Beta","nonsparsity","0.1","glmnet_subset","ORC_clean","hellinger_distance",0.191733005400213,0.00663222190619537
"66","unstructured_splatter_X_and_Beta","nonsparsity","0.1","glmnet_subset","ORC_clean","KL_divergence",0.165730264018601,0.0134183474633014
"67","unstructured_splatter_X_and_Beta","nonsparsity","0.1","glmnet_subset","ORC_fine_clean","Beta_FPR",0.117997629969571,0.0440257913551493
"68","unstructured_splatter_X_and_Beta","nonsparsity","0.1","glmnet_subset","ORC_fine_clean","Beta_SSE",10.7928511027273,0.732716060189549
"69","unstructured_splatter_X_and_Beta","nonsparsity","0.1","glmnet_subset","ORC_fine_clean","Beta_TPR",0.918093391202635,0.0203126012147204
"70","unstructured_splatter_X_and_Beta","nonsparsity","0.1","glmnet_subset","ORC_fine_clean","error",0.551633333333333,0.0369477107996332
"71","unstructured_splatter_X_and_Beta","nonsparsity","0.1","glmnet_subset","ORC_fine_clean","hellinger_distance",0.0981101806875421,0.00347390299879757
"72","unstructured_splatter_X_and_Beta","nonsparsity","0.1","glmnet_subset","ORC_fine_clean","KL_divergence",0.0426049379459274,0.00313818454146629
"73","unstructured_splatter_X_and_Beta","nonsparsity","0.1","glmnet_relabel","observed","Beta_FPR",0.18835599114198,0.0450494971737947
"74","unstructured_splatter_X_and_Beta","nonsparsity","0.1","glmnet_relabel","observed","Beta_SSE",33.9864596258541,4.1416822005091
"75","unstructured_splatter_X_and_Beta","nonsparsity","0.1","glmnet_relabel","observed","Beta_TPR",0.923472958414135,0.0280251057195972
"76","unstructured_splatter_X_and_Beta","nonsparsity","0.1","glmnet_relabel","observed","error",0.56757,0.0407217555831987
"77","unstructured_splatter_X_and_Beta","nonsparsity","0.1","glmnet_relabel","observed","hellinger_distance",0.174137520146243,0.00949180996492059
"78","unstructured_splatter_X_and_Beta","nonsparsity","0.1","glmnet_relabel","observed","KL_divergence",0.135352631004571,0.014043819659625
"79","unstructured_splatter_X_and_Beta","nonsparsity","0.1","glmnet_relabel","ORC_fine","Beta_FPR",0.343363004895641,0.0702233547081753
"80","unstructured_splatter_X_and_Beta","nonsparsity","0.1","glmnet_relabel","ORC_fine","Beta_SSE",30.9654099116871,3.47709365475991
"81","unstructured_splatter_X_and_Beta","nonsparsity","0.1","glmnet_relabel","ORC_fine","Beta_TPR",0.960993689783606,0.047573023761158
"82","unstructured_splatter_X_and_Beta","nonsparsity","0.1","glmnet_relabel","ORC_fine","error",0.56025,0.0369576364083107
"83","unstructured_splatter_X_and_Beta","nonsparsity","0.1","glmnet_relabel","ORC_fine","hellinger_distance",0.142940840612936,0.00380963251605224
"84","unstructured_splatter_X_and_Beta","nonsparsity","0.1","glmnet_relabel","ORC_fine","KL_divergence",0.091838919595767,0.00551966440797418
"85","unstructured_splatter_X_and_Beta","nonsparsity","0.1","glmnet_relabel","ORC_clean","Beta_FPR",0.0710380664176771,0.0239165541698315
"86","unstructured_splatter_X_and_Beta","nonsparsity","0.1","glmnet_relabel","ORC_clean","Beta_SSE",24.1305346639533,2.7219186922217
"87","unstructured_splatter_X_and_Beta","nonsparsity","0.1","glmnet_relabel","ORC_clean","Beta_TPR",0.831552828823837,0.0372879456912184
"88","unstructured_splatter_X_and_Beta","nonsparsity","0.1","glmnet_relabel","ORC_clean","error",0.56339,0.0380901439570221
"89","unstructured_splatter_X_and_Beta","nonsparsity","0.1","glmnet_relabel","ORC_clean","hellinger_distance",0.141656906484501,0.00960144214597907
"90","unstructured_splatter_X_and_Beta","nonsparsity","0.1","glmnet_relabel","ORC_clean","KL_divergence",0.0876736088906416,0.0113254434443372
"91","unstructured_splatter_X_and_Beta","nonsparsity","0.1","glmnet_relabel","ORC_fine_clean","Beta_FPR",0.117997629969571,0.0440257913551493
"92","unstructured_splatter_X_and_Beta","nonsparsity","0.1","glmnet_relabel","ORC_fine_clean","Beta_SSE",10.7928511027273,0.732716060189549
"93","unstructured_splatter_X_and_Beta","nonsparsity","0.1","glmnet_relabel","ORC_fine_clean","Beta_TPR",0.918093391202635,0.0203126012147204
"94","unstructured_splatter_X_and_Beta","nonsparsity","0.1","glmnet_relabel","ORC_fine_clean","error",0.551633333333333,0.0369477107996332
"95","unstructured_splatter_X_and_Beta","nonsparsity","0.1","glmnet_relabel","ORC_fine_clean","hellinger_distance",0.0981101806875421,0.00347390299879757
"96","unstructured_splatter_X_and_Beta","nonsparsity","0.1","glmnet_relabel","ORC_fine_clean","KL_divergence",0.0426049379459274,0.00313818454146629
"97","unstructured_splatter_X_and_Beta","nonsparsity","0.15","IBMR","observed","Beta_FPR",0.41402613423791,0.0933827921058745
"98","unstructured_splatter_X_and_Beta","nonsparsity","0.15","IBMR","observed","Beta_SSE",63.668097639225,10.1537025854643
"99","unstructured_splatter_X_and_Beta","nonsparsity","0.15","IBMR","observed","Beta_TPR",0.960101944049312,0.0162555881566913
"100","unstructured_splatter_X_and_Beta","nonsparsity","0.15","IBMR","observed","error",0.22723,0.0306838799516764
"101","unstructured_splatter_X_and_Beta","nonsparsity","0.15","IBMR","observed","hellinger_distance",0.142475468976636,0.00946124946492458
"102","unstructured_splatter_X_and_Beta","nonsparsity","0.15","IBMR","observed","KL_divergence",0.111936250825198,0.0231870879429472
"103","unstructured_splatter_X_and_Beta","nonsparsity","0.15","IBMR","ORC_fine","Beta_FPR",0.373727532788295,0.0862605721008866
"104","unstructured_splatter_X_and_Beta","nonsparsity","0.15","IBMR","ORC_fine","Beta_SSE",54.4248474651476,5.80833623957034
"105","unstructured_splatter_X_and_Beta","nonsparsity","0.15","IBMR","ORC_fine","Beta_TPR",0.980051209103841,0.0106223350318641
"106","unstructured_splatter_X_and_Beta","nonsparsity","0.15","IBMR","ORC_fine","error",0.224,0.0313465504038678
"107","unstructured_splatter_X_and_Beta","nonsparsity","0.15","IBMR","ORC_fine","hellinger_distance",0.13546464790326,0.00577195619965184
"108","unstructured_splatter_X_and_Beta","nonsparsity","0.15","IBMR","ORC_fine","KL_divergence",0.0956832285215711,0.00781805473405824
"109","unstructured_splatter_X_and_Beta","nonsparsity","0.15","IBMR","ORC_clean","Beta_FPR",0.165862531459568,0.0613519168731557
"110","unstructured_splatter_X_and_Beta","nonsparsity","0.15","IBMR","ORC_clean","Beta_SSE",25.1849798674225,4.18217161121762
"111","unstructured_splatter_X_and_Beta","nonsparsity","0.15","IBMR","ORC_clean","Beta_TPR",0.918765291607397,0.0159254706241378
"112","unstructured_splatter_X_and_Beta","nonsparsity","0.15","IBMR","ORC_clean","error",0.22399,0.0313167821534149
"113","unstructured_splatter_X_and_Beta","nonsparsity","0.15","IBMR","ORC_clean","hellinger_distance",0.0986912281007661,0.00398389866065405
"114","unstructured_splatter_X_and_Beta","nonsparsity","0.15","IBMR","ORC_clean","KL_divergence",0.0486212913994523,0.00364208819844538
"115","unstructured_splatter_X_and_Beta","nonsparsity","0.15","IBMR","ORC_fine_clean","Beta_FPR",0.172107991642046,0.073484760186175
"116","unstructured_splatter_X_and_Beta","nonsparsity","0.15","IBMR","ORC_fine_clean","Beta_SSE",22.0263042856945,2.15259018574025
"117","unstructured_splatter_X_and_Beta","nonsparsity","0.15","IBMR","ORC_fine_clean","Beta_TPR",0.942821242294926,0.0157296246562425
"118","unstructured_splatter_X_and_Beta","nonsparsity","0.15","IBMR","ORC_fine_clean","error",0.22398,0.0312932907257202
"119","unstructured_splatter_X_and_Beta","nonsparsity","0.15","IBMR","ORC_fine_clean","hellinger_distance",0.093889135620977,0.00314033969404289
"120","unstructured_splatter_X_and_Beta","nonsparsity","0.15","IBMR","ORC_fine_clean","KL_divergence",0.043658359185037,0.00280759181643552
"121","unstructured_splatter_X_and_Beta","nonsparsity","0.15","IBMR_int","observed","Beta_FPR",0.367801799079097,0.110886686696981
"122","unstructured_splatter_X_and_Beta","nonsparsity","0.15","IBMR_int","observed","Beta_SSE",59.8723290176977,12.2461021722231
"123","unstructured_splatter_X_and_Beta","nonsparsity","0.15","IBMR_int","observed","Beta_TPR",0.959976292081555,0.0160966841274012
"124","unstructured_splatter_X_and_Beta","nonsparsity","0.15","IBMR_int","observed","error",0.218211111111111,0.0277249475391638
"125","unstructured_splatter_X_and_Beta","nonsparsity","0.15","IBMR_int","observed","hellinger_distance",0.138637303342645,0.0101199235118718
"126","unstructured_splatter_X_and_Beta","nonsparsity","0.15","IBMR_int","observed","KL_divergence",0.107186990062955,0.0263193635927656
"127","unstructured_splatter_X_and_Beta","nonsparsity","0.15","IBMR_int","ORC_fine","Beta_FPR",0.368640344554274,0.0890629683662593
"128","unstructured_splatter_X_and_Beta","nonsparsity","0.15","IBMR_int","ORC_fine","Beta_SSE",52.3854655114993,5.97965228352564
"129","unstructured_splatter_X_and_Beta","nonsparsity","0.15","IBMR_int","ORC_fine","Beta_TPR",0.979296665086139,0.0108584187480088
"130","unstructured_splatter_X_and_Beta","nonsparsity","0.15","IBMR_int","ORC_fine","error",0.214655555555556,0.0281169405462083
"131","unstructured_splatter_X_and_Beta","nonsparsity","0.15","IBMR_int","ORC_fine","hellinger_distance",0.132192286840424,0.00551671315376094
"132","unstructured_splatter_X_and_Beta","nonsparsity","0.15","IBMR_int","ORC_fine","KL_divergence",0.0914809648597977,0.00754468758884807
"133","unstructured_splatter_X_and_Beta","nonsparsity","0.15","IBMR_int","ORC_clean","Beta_FPR",0.149186879818807,0.0631662617822012
"134","unstructured_splatter_X_and_Beta","nonsparsity","0.15","IBMR_int","ORC_clean","Beta_SSE",24.9632285446444,4.56163941481181
"135","unstructured_splatter_X_and_Beta","nonsparsity","0.15","IBMR_int","ORC_clean","Beta_TPR",0.911064222116854,0.0207546899657922
"136","unstructured_splatter_X_and_Beta","nonsparsity","0.15","IBMR_int","ORC_clean","error",0.214677777777778,0.0281261400317644
"137","unstructured_splatter_X_and_Beta","nonsparsity","0.15","IBMR_int","ORC_clean","hellinger_distance",0.0959425321567141,0.0039226108186002
"138","unstructured_splatter_X_and_Beta","nonsparsity","0.15","IBMR_int","ORC_clean","KL_divergence",0.0461990613079915,0.00361920750395579
"139","unstructured_splatter_X_and_Beta","nonsparsity","0.15","IBMR_int","ORC_fine_clean","Beta_FPR",0.184417070929709,0.0752215088038111
"140","unstructured_splatter_X_and_Beta","nonsparsity","0.15","IBMR_int","ORC_fine_clean","Beta_SSE",22.7199809499203,1.6722720981555
"141","unstructured_splatter_X_and_Beta","nonsparsity","0.15","IBMR_int","ORC_fine_clean","Beta_TPR",0.945200463621516,0.0155915589659947
"142","unstructured_splatter_X_and_Beta","nonsparsity","0.15","IBMR_int","ORC_fine_clean","error",0.214655555555556,0.0280955732201338
"143","unstructured_splatter_X_and_Beta","nonsparsity","0.15","IBMR_int","ORC_fine_clean","hellinger_distance",0.0909315580379544,0.00319085245988438
"144","unstructured_splatter_X_and_Beta","nonsparsity","0.15","IBMR_int","ORC_fine_clean","KL_divergence",0.0412588059266857,0.00282454809497597
"145","unstructured_splatter_X_and_Beta","nonsparsity","0.15","IBMR_common_Gamma","observed","Beta_FPR",0.39385123541843,0.119527426783356
"146","unstructured_splatter_X_and_Beta","nonsparsity","0.15","IBMR_common_Gamma","observed","Beta_SSE",63.2892876338929,11.4494253119277
"147","unstructured_splatter_X_and_Beta","nonsparsity","0.15","IBMR_common_Gamma","observed","Beta_TPR",0.967615660773556,0.0154212992475362
"148","unstructured_splatter_X_and_Beta","nonsparsity","0.15","IBMR_common_Gamma","observed","error",0.210357142857143,0.0325653294205987
"149","unstructured_splatter_X_and_Beta","nonsparsity","0.15","IBMR_common_Gamma","observed","hellinger_distance",0.1377665022643,0.00840732353430538
"150","unstructured_splatter_X_and_Beta","nonsparsity","0.15","IBMR_common_Gamma","observed","KL_divergence",0.100350497928739,0.0128800029230821
"151","unstructured_splatter_X_and_Beta","nonsparsity","0.15","IBMR_common_Gamma","ORC_fine","Beta_FPR",0.382496000792026,0.0944281616802056
"152","unstructured_splatter_X_and_Beta","nonsparsity","0.15","IBMR_common_Gamma","ORC_fine","Beta_SSE",55.4415489944333,6.08714008980144
"153","unstructured_splatter_X_and_Beta","nonsparsity","0.15","IBMR_common_Gamma","ORC_fine","Beta_TPR",0.982220641694326,0.0108402173911856
"154","unstructured_splatter_X_and_Beta","nonsparsity","0.15","IBMR_common_Gamma","ORC_fine","error",0.214633333333333,0.0280995650421062
"155","unstructured_splatter_X_and_Beta","nonsparsity","0.15","IBMR_common_Gamma","ORC_fine","hellinger_distance",0.134553609252915,0.0061240726110455
"156","unstructured_splatter_X_and_Beta","nonsparsity","0.15","IBMR_common_Gamma","ORC_fine","KL_divergence",0.0950089902422404,0.00861257273762458
"157","unstructured_splatter_X_and_Beta","nonsparsity","0.15","IBMR_common_Gamma","ORC_clean","Beta_FPR",0.138798374784408,0.0629812409555652
"158","unstructured_splatter_X_and_Beta","nonsparsity","0.15","IBMR_common_Gamma","ORC_clean","Beta_SSE",22.8659569032516,3.03104390612233
"159","unstructured_splatter_X_and_Beta","nonsparsity","0.15","IBMR_common_Gamma","ORC_clean","Beta_TPR",0.91174786628734,0.0156249324367829
"160","unstructured_splatter_X_and_Beta","nonsparsity","0.15","IBMR_common_Gamma","ORC_clean","error",0.2171875,0.0313800764248364
"161","unstructured_splatter_X_and_Beta","nonsparsity","0.15","IBMR_common_Gamma","ORC_clean","hellinger_distance",0.0969404769769146,0.00396369171170535
"162","unstructured_splatter_X_and_Beta","nonsparsity","0.15","IBMR_common_Gamma","ORC_clean","KL_divergence",0.0469737645233372,0.0036386040703572
"163","unstructured_splatter_X_and_Beta","nonsparsity","0.15","IBMR_common_Gamma","ORC_fine_clean","Beta_FPR",0.185203231556892,0.0768590571446742
"164","unstructured_splatter_X_and_Beta","nonsparsity","0.15","IBMR_common_Gamma","ORC_fine_clean","Beta_SSE",22.7983104493934,1.68534606699158
"165","unstructured_splatter_X_and_Beta","nonsparsity","0.15","IBMR_common_Gamma","ORC_fine_clean","Beta_TPR",0.946701965123018,0.0152962843998305
"166","unstructured_splatter_X_and_Beta","nonsparsity","0.15","IBMR_common_Gamma","ORC_fine_clean","error",0.214655555555556,0.0280955732201338
"167","unstructured_splatter_X_and_Beta","nonsparsity","0.15","IBMR_common_Gamma","ORC_fine_clean","hellinger_distance",0.0933845136458716,0.00332265550016266
"168","unstructured_splatter_X_and_Beta","nonsparsity","0.15","IBMR_common_Gamma","ORC_fine_clean","KL_divergence",0.043462346198242,0.00310785746241321
"169","unstructured_splatter_X_and_Beta","nonsparsity","0.15","IBMR_no_Gamma","observed","Beta_FPR",0.438750329576423,0.0944208142553853
"170","unstructured_splatter_X_and_Beta","nonsparsity","0.15","IBMR_no_Gamma","observed","Beta_SSE",65.570259411205,10.8476458088038
"171","unstructured_splatter_X_and_Beta","nonsparsity","0.15","IBMR_no_Gamma","observed","Beta_TPR",0.961435277382646,0.016469196545494
"172","unstructured_splatter_X_and_Beta","nonsparsity","0.15","IBMR_no_Gamma","observed","error",0.22724,0.0306760739194427
"173","unstructured_splatter_X_and_Beta","nonsparsity","0.15","IBMR_no_Gamma","observed","hellinger_distance",0.142912900632293,0.00936927699703641
"174","unstructured_splatter_X_and_Beta","nonsparsity","0.15","IBMR_no_Gamma","observed","KL_divergence",0.112509455353718,0.0230680959162127
"175","unstructured_splatter_X_and_Beta","nonsparsity","0.15","IBMR_no_Gamma","ORC_fine","Beta_FPR",0.37325804922022,0.0857800327480916
"176","unstructured_splatter_X_and_Beta","nonsparsity","0.15","IBMR_no_Gamma","ORC_fine","Beta_SSE",54.4190327488895,5.81113396129082
"177","unstructured_splatter_X_and_Beta","nonsparsity","0.15","IBMR_no_Gamma","ORC_fine","Beta_TPR",0.980051209103841,0.0106223350318641
"178","unstructured_splatter_X_and_Beta","nonsparsity","0.15","IBMR_no_Gamma","ORC_fine","error",0.224,0.0313465504038678
"179","unstructured_splatter_X_and_Beta","nonsparsity","0.15","IBMR_no_Gamma","ORC_fine","hellinger_distance",0.135432198521242,0.00577265514522119
"180","unstructured_splatter_X_and_Beta","nonsparsity","0.15","IBMR_no_Gamma","ORC_fine","KL_divergence",0.0956348064639787,0.00781857012084215
"181","unstructured_splatter_X_and_Beta","nonsparsity","0.15","IBMR_no_Gamma","ORC_clean","Beta_FPR",0.165862531459568,0.0613519168731557
"182","unstructured_splatter_X_and_Beta","nonsparsity","0.15","IBMR_no_Gamma","ORC_clean","Beta_SSE",25.1806512165399,4.18074593318942
"183","unstructured_splatter_X_and_Beta","nonsparsity","0.15","IBMR_no_Gamma","ORC_clean","Beta_TPR",0.918765291607397,0.0159254706241378
"184","unstructured_splatter_X_and_Beta","nonsparsity","0.15","IBMR_no_Gamma","ORC_clean","error",0.22399,0.0313167821534149
"185","unstructured_splatter_X_and_Beta","nonsparsity","0.15","IBMR_no_Gamma","ORC_clean","hellinger_distance",0.0986649117290624,0.00398730245898438
"186","unstructured_splatter_X_and_Beta","nonsparsity","0.15","IBMR_no_Gamma","ORC_clean","KL_divergence",0.0485945503217294,0.00364366816128514
"187","unstructured_splatter_X_and_Beta","nonsparsity","0.15","IBMR_no_Gamma","ORC_fine_clean","Beta_FPR",0.171638508073971,0.073202388150006
"188","unstructured_splatter_X_and_Beta","nonsparsity","0.15","IBMR_no_Gamma","ORC_fine_clean","Beta_SSE",22.0211496296961,2.15339573147955
"189","unstructured_splatter_X_and_Beta","nonsparsity","0.15","IBMR_no_Gamma","ORC_fine_clean","Beta_TPR",0.942821242294926,0.0157296246562425
"190","unstructured_splatter_X_and_Beta","nonsparsity","0.15","IBMR_no_Gamma","ORC_fine_clean","error",0.22398,0.0312932907257202
"191","unstructured_splatter_X_and_Beta","nonsparsity","0.15","IBMR_no_Gamma","ORC_fine_clean","hellinger_distance",0.0938613680980573,0.00314380978865568
"192","unstructured_splatter_X_and_Beta","nonsparsity","0.15","IBMR_no_Gamma","ORC_fine_clean","KL_divergence",0.0436320456194156,0.00281098188974317
"193","unstructured_splatter_X_and_Beta","nonsparsity","0.15","glmnet_subset","observed","Beta_FPR",0.511773626591216,0.0591273634064269
"194","unstructured_splatter_X_and_Beta","nonsparsity","0.15","glmnet_subset","observed","Beta_SSE",134.438083843338,17.2287671408153
"195","unstructured_splatter_X_and_Beta","nonsparsity","0.15","glmnet_subset","observed","Beta_TPR",0.912079184447605,0.0136419545178582
"196","unstructured_splatter_X_and_Beta","nonsparsity","0.15","glmnet_subset","observed","error",0.24502,0.0311716081644107
"197","unstructured_splatter_X_and_Beta","nonsparsity","0.15","glmnet_subset","observed","hellinger_distance",0.249550619358362,0.00889892317405145
"198","unstructured_splatter_X_and_Beta","nonsparsity","0.15","glmnet_subset","observed","KL_divergence",0.370691013042561,0.0148425837335678
"199","unstructured_splatter_X_and_Beta","nonsparsity","0.15","glmnet_subset","ORC_fine","Beta_FPR",0.373492791004257,0.0861772257528017
"200","unstructured_splatter_X_and_Beta","nonsparsity","0.15","glmnet_subset","ORC_fine","Beta_SSE",54.4333273420025,5.79586998884335
"201","unstructured_splatter_X_and_Beta","nonsparsity","0.15","glmnet_subset","ORC_fine","Beta_TPR",0.980051209103841,0.0106223350318641
"202","unstructured_splatter_X_and_Beta","nonsparsity","0.15","glmnet_subset","ORC_fine","error",0.224,0.0313465504038678
"203","unstructured_splatter_X_and_Beta","nonsparsity","0.15","glmnet_subset","ORC_fine","hellinger_distance",0.135408122795683,0.00575497581409307
"204","unstructured_splatter_X_and_Beta","nonsparsity","0.15","glmnet_subset","ORC_fine","KL_divergence",0.0956015724760251,0.00778661773671909
"205","unstructured_splatter_X_and_Beta","nonsparsity","0.15","glmnet_subset","ORC_clean","Beta_FPR",0.320241893462142,0.0524186803162871
"206","unstructured_splatter_X_and_Beta","nonsparsity","0.15","glmnet_subset","ORC_clean","Beta_SSE",68.7853062878357,10.6240374117308
"207","unstructured_splatter_X_and_Beta","nonsparsity","0.15","glmnet_subset","ORC_clean","Beta_TPR",0.888148885727833,0.0232957790673723
"208","unstructured_splatter_X_and_Beta","nonsparsity","0.15","glmnet_subset","ORC_clean","error",0.22496,0.0312141449417479
"209","unstructured_splatter_X_and_Beta","nonsparsity","0.15","glmnet_subset","ORC_clean","hellinger_distance",0.17027600625598,0.00917479956652356
"210","unstructured_splatter_X_and_Beta","nonsparsity","0.15","glmnet_subset","ORC_clean","KL_divergence",0.160795140923828,0.0169748996009599
"211","unstructured_splatter_X_and_Beta","nonsparsity","0.15","glmnet_subset","ORC_fine_clean","Beta_FPR",0.172107991642046,0.073484760186175
"212","unstructured_splatter_X_and_Beta","nonsparsity","0.15","glmnet_subset","ORC_fine_clean","Beta_SSE",22.014357397602,2.14836614405118
"213","unstructured_splatter_X_and_Beta","nonsparsity","0.15","glmnet_subset","ORC_fine_clean","Beta_TPR",0.942821242294926,0.0157296246562425
"214","unstructured_splatter_X_and_Beta","nonsparsity","0.15","glmnet_subset","ORC_fine_clean","error",0.22397,0.0312883656048414
"215","unstructured_splatter_X_and_Beta","nonsparsity","0.15","glmnet_subset","ORC_fine_clean","hellinger_distance",0.0938152741998065,0.00314573218707753
"216","unstructured_splatter_X_and_Beta","nonsparsity","0.15","glmnet_subset","ORC_fine_clean","KL_divergence",0.043592016238428,0.00280843441539609
"217","unstructured_splatter_X_and_Beta","nonsparsity","0.15","glmnet_relabel","observed","Beta_FPR",0.318930377306384,0.0789716089434766
"218","unstructured_splatter_X_and_Beta","nonsparsity","0.15","glmnet_relabel","observed","Beta_SSE",54.9693097787161,6.07171332050261
"219","unstructured_splatter_X_and_Beta","nonsparsity","0.15","glmnet_relabel","observed","Beta_TPR",0.976050260787103,0.00951645272792828
"220","unstructured_splatter_X_and_Beta","nonsparsity","0.15","glmnet_relabel","observed","error",0.22404,0.0313956005410524
"221","unstructured_splatter_X_and_Beta","nonsparsity","0.15","glmnet_relabel","observed","hellinger_distance",0.138319032287753,0.00694905145395957
"222","unstructured_splatter_X_and_Beta","nonsparsity","0.15","glmnet_relabel","observed","KL_divergence",0.0981292611021553,0.00869126439914924
"223","unstructured_splatter_X_and_Beta","nonsparsity","0.15","glmnet_relabel","ORC_fine","Beta_FPR",0.373492791004257,0.0861772257528017
"224","unstructured_splatter_X_and_Beta","nonsparsity","0.15","glmnet_relabel","ORC_fine","Beta_SSE",54.4333273420025,5.79586998884335
"225","unstructured_splatter_X_and_Beta","nonsparsity","0.15","glmnet_relabel","ORC_fine","Beta_TPR",0.980051209103841,0.0106223350318641
"226","unstructured_splatter_X_and_Beta","nonsparsity","0.15","glmnet_relabel","ORC_fine","error",0.224,0.0313465504038678
"227","unstructured_splatter_X_and_Beta","nonsparsity","0.15","glmnet_relabel","ORC_fine","hellinger_distance",0.135408122795683,0.00575497581409307
"228","unstructured_splatter_X_and_Beta","nonsparsity","0.15","glmnet_relabel","ORC_fine","KL_divergence",0.0956015724760251,0.00778661773671909
"229","unstructured_splatter_X_and_Beta","nonsparsity","0.15","glmnet_relabel","ORC_clean","Beta_FPR",0.120623866022625,0.0463872975757845
"230","unstructured_splatter_X_and_Beta","nonsparsity","0.15","glmnet_relabel","ORC_clean","Beta_SSE",28.3662165576567,3.22532360797121
"231","unstructured_splatter_X_and_Beta","nonsparsity","0.15","glmnet_relabel","ORC_clean","Beta_TPR",0.914818397344713,0.0227489007648283
"232","unstructured_splatter_X_and_Beta","nonsparsity","0.15","glmnet_relabel","ORC_clean","error",0.22397,0.0313083737467577
"233","unstructured_splatter_X_and_Beta","nonsparsity","0.15","glmnet_relabel","ORC_clean","hellinger_distance",0.104350306094684,0.00597092900907669
"234","unstructured_splatter_X_and_Beta","nonsparsity","0.15","glmnet_relabel","ORC_clean","KL_divergence",0.0538223402018497,0.00554796556109464
"235","unstructured_splatter_X_and_Beta","nonsparsity","0.15","glmnet_relabel","ORC_fine_clean","Beta_FPR",0.172107991642046,0.073484760186175
"236","unstructured_splatter_X_and_Beta","nonsparsity","0.15","glmnet_relabel","ORC_fine_clean","Beta_SSE",22.014357397602,2.14836614405118
"237","unstructured_splatter_X_and_Beta","nonsparsity","0.15","glmnet_relabel","ORC_fine_clean","Beta_TPR",0.942821242294926,0.0157296246562425
"238","unstructured_splatter_X_and_Beta","nonsparsity","0.15","glmnet_relabel","ORC_fine_clean","error",0.22397,0.0312883656048414
"239","unstructured_splatter_X_and_Beta","nonsparsity","0.15","glmnet_relabel","ORC_fine_clean","hellinger_distance",0.0938152741998065,0.00314573218707753
"240","unstructured_splatter_X_and_Beta","nonsparsity","0.15","glmnet_relabel","ORC_fine_clean","KL_divergence",0.043592016238428,0.00280843441539609
"241","unstructured_splatter_X_and_Beta","nonsparsity","0.2","IBMR","observed","Beta_FPR",0.357533042394015,0.109930384235392
"242","unstructured_splatter_X_and_Beta","nonsparsity","0.2","IBMR","observed","Beta_SSE",99.9219924656937,24.1600202561855
"243","unstructured_splatter_X_and_Beta","nonsparsity","0.2","IBMR","observed","Beta_TPR",0.948848484848485,0.0266575197726284
"244","unstructured_splatter_X_and_Beta","nonsparsity","0.2","IBMR","observed","error",0.05506,0.0186780965006847
"245","unstructured_splatter_X_and_Beta","nonsparsity","0.2","IBMR","observed","hellinger_distance",0.0930828532957952,0.0139442186445702
"246","unstructured_splatter_X_and_Beta","nonsparsity","0.2","IBMR","observed","KL_divergence",0.0589362514266591,0.0142351268249203
"247","unstructured_splatter_X_and_Beta","nonsparsity","0.2","IBMR","ORC_fine","Beta_FPR",0.470648379052369,0.0551007774714357
"248","unstructured_splatter_X_and_Beta","nonsparsity","0.2","IBMR","ORC_fine","Beta_SSE",108.225548198566,15.5421836002377
"249","unstructured_splatter_X_and_Beta","nonsparsity","0.2","IBMR","ORC_fine","Beta_TPR",0.95689898989899,0.015238182358451
"250","unstructured_splatter_X_and_Beta","nonsparsity","0.2","IBMR","ORC_fine","error",0.05508,0.0186965427582511
"251","unstructured_splatter_X_and_Beta","nonsparsity","0.2","IBMR","ORC_fine","hellinger_distance",0.0879852798704165,0.0164837413262106
"252","unstructured_splatter_X_and_Beta","nonsparsity","0.2","IBMR","ORC_fine","KL_divergence",0.0518840239507754,0.0169163113929013
"253","unstructured_splatter_X_and_Beta","nonsparsity","0.2","IBMR","ORC_clean","Beta_FPR",0.250636533665835,0.0911352596933629
"254","unstructured_splatter_X_and_Beta","nonsparsity","0.2","IBMR","ORC_clean","Beta_SSE",65.8664326928705,18.166967182367
"255","unstructured_splatter_X_and_Beta","nonsparsity","0.2","IBMR","ORC_clean","Beta_TPR",0.908707070707071,0.0218549343361358
"256","unstructured_splatter_X_and_Beta","nonsparsity","0.2","IBMR","ORC_clean","error",0.05504,0.0186773112507008
"257","unstructured_splatter_X_and_Beta","nonsparsity","0.2","IBMR","ORC_clean","hellinger_distance",0.0716247991127113,0.00935314581135707
"258","unstructured_splatter_X_and_Beta","nonsparsity","0.2","IBMR","ORC_clean","KL_divergence",0.032431530128523,0.00691951922203269
"259","unstructured_splatter_X_and_Beta","nonsparsity","0.2","IBMR","ORC_fine_clean","Beta_FPR",0.248216334164589,0.0874690793889533
"260","unstructured_splatter_X_and_Beta","nonsparsity","0.2","IBMR","ORC_fine_clean","Beta_SSE",62.2121647999641,10.3220262961696
"261","unstructured_splatter_X_and_Beta","nonsparsity","0.2","IBMR","ORC_fine_clean","Beta_TPR",0.905787878787879,0.0132521095032102
"262","unstructured_splatter_X_and_Beta","nonsparsity","0.2","IBMR","ORC_fine_clean","error",0.05504,0.0186870888286241
"263","unstructured_splatter_X_and_Beta","nonsparsity","0.2","IBMR","ORC_fine_clean","hellinger_distance",0.0645077847653499,0.0115625674244407
"264","unstructured_splatter_X_and_Beta","nonsparsity","0.2","IBMR","ORC_fine_clean","KL_divergence",0.0261030661367651,0.0078952241909134
"265","unstructured_splatter_X_and_Beta","nonsparsity","0.2","IBMR_int","observed","Beta_FPR",0.363106123579939,0.137265006721882
"266","unstructured_splatter_X_and_Beta","nonsparsity","0.2","IBMR_int","observed","Beta_SSE",103.297248820781,29.599860744012
"267","unstructured_splatter_X_and_Beta","nonsparsity","0.2","IBMR_int","observed","Beta_TPR",0.921975308641975,0.0278514096261333
"268","unstructured_splatter_X_and_Beta","nonsparsity","0.2","IBMR_int","observed","error",0.0482222222222222,0.0142236804807952
"269","unstructured_splatter_X_and_Beta","nonsparsity","0.2","IBMR_int","observed","hellinger_distance",0.0887556966986769,0.0124922591213903
"270","unstructured_splatter_X_and_Beta","nonsparsity","0.2","IBMR_int","observed","KL_divergence",0.0533252901152734,0.0128067212482616
"271","unstructured_splatter_X_and_Beta","nonsparsity","0.2","IBMR_int","ORC_fine","Beta_FPR",0.473472568578554,0.0887819416157532
"272","unstructured_splatter_X_and_Beta","nonsparsity","0.2","IBMR_int","ORC_fine","Beta_SSE",99.6624117446753,19.1550662478124
"273","unstructured_splatter_X_and_Beta","nonsparsity","0.2","IBMR_int","ORC_fine","Beta_TPR",0.956909090909091,0.0130213195178422
"274","unstructured_splatter_X_and_Beta","nonsparsity","0.2","IBMR_int","ORC_fine","error",0.05506,0.0186844010994317
"275","unstructured_splatter_X_and_Beta","nonsparsity","0.2","IBMR_int","ORC_fine","hellinger_distance",0.0914948939978393,0.0126600909001301
"276","unstructured_splatter_X_and_Beta","nonsparsity","0.2","IBMR_int","ORC_fine","KL_divergence",0.0566267399036584,0.0124332296330737
"277","unstructured_splatter_X_and_Beta","nonsparsity","0.2","IBMR_int","ORC_clean","Beta_FPR",0.237649002493766,0.0829310949976998
"278","unstructured_splatter_X_and_Beta","nonsparsity","0.2","IBMR_int","ORC_clean","Beta_SSE",65.5480832694057,16.8965110029523
"279","unstructured_splatter_X_and_Beta","nonsparsity","0.2","IBMR_int","ORC_clean","Beta_TPR",0.90169696969697,0.0271509740205816
"280","unstructured_splatter_X_and_Beta","nonsparsity","0.2","IBMR_int","ORC_clean","error",0.05502,0.0186790863445369
"281","unstructured_splatter_X_and_Beta","nonsparsity","0.2","IBMR_int","ORC_clean","hellinger_distance",0.0694916260078108,0.00770969336857254
"282","unstructured_splatter_X_and_Beta","nonsparsity","0.2","IBMR_int","ORC_clean","KL_divergence",0.0306178079224056,0.00544618590570695
"283","unstructured_splatter_X_and_Beta","nonsparsity","0.2","IBMR_int","ORC_fine_clean","Beta_FPR",0.274567331670823,0.0615949607504339
"284","unstructured_splatter_X_and_Beta","nonsparsity","0.2","IBMR_int","ORC_fine_clean","Beta_SSE",60.1063692746949,14.5498578977377
"285","unstructured_splatter_X_and_Beta","nonsparsity","0.2","IBMR_int","ORC_fine_clean","Beta_TPR",0.916767676767677,0.0195406209494067
"286","unstructured_splatter_X_and_Beta","nonsparsity","0.2","IBMR_int","ORC_fine_clean","error",0.05503,0.0186856581961199
"287","unstructured_splatter_X_and_Beta","nonsparsity","0.2","IBMR_int","ORC_fine_clean","hellinger_distance",0.0672317903666726,0.00716102070398375
"288","unstructured_splatter_X_and_Beta","nonsparsity","0.2","IBMR_int","ORC_fine_clean","KL_divergence",0.028457784460781,0.00458370273007878
"289","unstructured_splatter_X_and_Beta","nonsparsity","0.2","IBMR_common_Gamma","observed","Beta_FPR",0.373925602660017,0.130231325835877
"290","unstructured_splatter_X_and_Beta","nonsparsity","0.2","IBMR_common_Gamma","observed","Beta_SSE",106.45016666311,26.8430511609595
"291","unstructured_splatter_X_and_Beta","nonsparsity","0.2","IBMR_common_Gamma","observed","Beta_TPR",0.943164983164983,0.028167976680442
"292","unstructured_splatter_X_and_Beta","nonsparsity","0.2","IBMR_common_Gamma","observed","error",0.0482222222222222,0.0142236804807952
"293","unstructured_splatter_X_and_Beta","nonsparsity","0.2","IBMR_common_Gamma","observed","hellinger_distance",0.0910538151684475,0.0133113532472662
"294","unstructured_splatter_X_and_Beta","nonsparsity","0.2","IBMR_common_Gamma","observed","KL_divergence",0.0568257958102871,0.0142021593740026
"295","unstructured_splatter_X_and_Beta","nonsparsity","0.2","IBMR_common_Gamma","ORC_fine","Beta_FPR",0.518827930174564,0.0898908384160812
"296","unstructured_splatter_X_and_Beta","nonsparsity","0.2","IBMR_common_Gamma","ORC_fine","Beta_SSE",111.027669465275,21.2537270054199
"297","unstructured_splatter_X_and_Beta","nonsparsity","0.2","IBMR_common_Gamma","ORC_fine","Beta_TPR",0.964377104377104,0.0145904731066027
"298","unstructured_splatter_X_and_Beta","nonsparsity","0.2","IBMR_common_Gamma","ORC_fine","error",0.0482333333333333,0.014239538069911
"299","unstructured_splatter_X_and_Beta","nonsparsity","0.2","IBMR_common_Gamma","ORC_fine","hellinger_distance",0.09132649646687,0.0128804772876325
"300","unstructured_splatter_X_and_Beta","nonsparsity","0.2","IBMR_common_Gamma","ORC_fine","KL_divergence",0.0573498909655612,0.0130438855584356
"301","unstructured_splatter_X_and_Beta","nonsparsity","0.2","IBMR_common_Gamma","ORC_clean","Beta_FPR",0.263636533665835,0.0952590156323178
"302","unstructured_splatter_X_and_Beta","nonsparsity","0.2","IBMR_common_Gamma","ORC_clean","Beta_SSE",68.9045685744237,21.2648923784024
"303","unstructured_splatter_X_and_Beta","nonsparsity","0.2","IBMR_common_Gamma","ORC_clean","Beta_TPR",0.897707070707071,0.020387811216382
"304","unstructured_splatter_X_and_Beta","nonsparsity","0.2","IBMR_common_Gamma","ORC_clean","error",0.05503,0.0186715481712447
"305","unstructured_splatter_X_and_Beta","nonsparsity","0.2","IBMR_common_Gamma","ORC_clean","hellinger_distance",0.0735893689413337,0.0078181674069096
"306","unstructured_splatter_X_and_Beta","nonsparsity","0.2","IBMR_common_Gamma","ORC_clean","KL_divergence",0.0347285774248362,0.0057007485574057
"307","unstructured_splatter_X_and_Beta","nonsparsity","0.2","IBMR_common_Gamma","ORC_fine_clean","Beta_FPR",0.299063591022444,0.0808382204573102
"308","unstructured_splatter_X_and_Beta","nonsparsity","0.2","IBMR_common_Gamma","ORC_fine_clean","Beta_SSE",64.5408257034894,18.6028284123709
"309","unstructured_splatter_X_and_Beta","nonsparsity","0.2","IBMR_common_Gamma","ORC_fine_clean","Beta_TPR",0.918787878787879,0.0215619278324726
"310","unstructured_splatter_X_and_Beta","nonsparsity","0.2","IBMR_common_Gamma","ORC_fine_clean","error",0.05503,0.0186856581961199
"311","unstructured_splatter_X_and_Beta","nonsparsity","0.2","IBMR_common_Gamma","ORC_fine_clean","hellinger_distance",0.072178582332219,0.00736501583223697
"312","unstructured_splatter_X_and_Beta","nonsparsity","0.2","IBMR_common_Gamma","ORC_fine_clean","KL_divergence",0.0329154516491816,0.00504457345328478
"313","unstructured_splatter_X_and_Beta","nonsparsity","0.2","IBMR_no_Gamma","observed","Beta_FPR",0.364533042394015,0.115690849551343
"314","unstructured_splatter_X_and_Beta","nonsparsity","0.2","IBMR_no_Gamma","observed","Beta_SSE",101.86556541907,24.7209734651267
"315","unstructured_splatter_X_and_Beta","nonsparsity","0.2","IBMR_no_Gamma","observed","Beta_TPR",0.943848484848485,0.0254068005720954
"316","unstructured_splatter_X_and_Beta","nonsparsity","0.2","IBMR_no_Gamma","observed","error",0.05506,0.0186780965006847
"317","unstructured_splatter_X_and_Beta","nonsparsity","0.2","IBMR_no_Gamma","observed","hellinger_distance",0.0938983426202374,0.0131522824340007
"318","unstructured_splatter_X_and_Beta","nonsparsity","0.2","IBMR_no_Gamma","observed","KL_divergence",0.0598963563001798,0.0134578085906783
"319","unstructured_splatter_X_and_Beta","nonsparsity","0.2","IBMR_no_Gamma","ORC_fine","Beta_FPR",0.500445137157107,0.0807905297204969
"320","unstructured_splatter_X_and_Beta","nonsparsity","0.2","IBMR_no_Gamma","ORC_fine","Beta_SSE",106.519456368046,19.6981593442692
"321","unstructured_splatter_X_and_Beta","nonsparsity","0.2","IBMR_no_Gamma","ORC_fine","Beta_TPR",0.963939393939394,0.0130794451751105
"322","unstructured_splatter_X_and_Beta","nonsparsity","0.2","IBMR_no_Gamma","ORC_fine","error",0.05507,0.0186861338965555
"323","unstructured_splatter_X_and_Beta","nonsparsity","0.2","IBMR_no_Gamma","ORC_fine","hellinger_distance",0.0945327997440325,0.0129921012456255
"324","unstructured_splatter_X_and_Beta","nonsparsity","0.2","IBMR_no_Gamma","ORC_fine","KL_divergence",0.0607354592538456,0.0129570845426749
"325","unstructured_splatter_X_and_Beta","nonsparsity","0.2","IBMR_no_Gamma","ORC_clean","Beta_FPR",0.257386533665835,0.0902967928656723
"326","unstructured_splatter_X_and_Beta","nonsparsity","0.2","IBMR_no_Gamma","ORC_clean","Beta_SSE",67.7267000486633,19.6978103773466
"327","unstructured_splatter_X_and_Beta","nonsparsity","0.2","IBMR_no_Gamma","ORC_clean","Beta_TPR",0.898707070707071,0.0205353598840226
"328","unstructured_splatter_X_and_Beta","nonsparsity","0.2","IBMR_no_Gamma","ORC_clean","error",0.05502,0.0186790863445369
"329","unstructured_splatter_X_and_Beta","nonsparsity","0.2","IBMR_no_Gamma","ORC_clean","hellinger_distance",0.0739598846535398,0.00759664213019944
"330","unstructured_splatter_X_and_Beta","nonsparsity","0.2","IBMR_no_Gamma","ORC_clean","KL_divergence",0.0351285915121352,0.00552048521259329
"331","unstructured_splatter_X_and_Beta","nonsparsity","0.2","IBMR_no_Gamma","ORC_fine_clean","Beta_FPR",0.294313591022444,0.0790323614724409
"332","unstructured_splatter_X_and_Beta","nonsparsity","0.2","IBMR_no_Gamma","ORC_fine_clean","Beta_SSE",63.8112440254298,17.9690449093146
"333","unstructured_splatter_X_and_Beta","nonsparsity","0.2","IBMR_no_Gamma","ORC_fine_clean","Beta_TPR",0.917787878787879,0.0203594193788031
"334","unstructured_splatter_X_and_Beta","nonsparsity","0.2","IBMR_no_Gamma","ORC_fine_clean","error",0.05503,0.0186856581961199
"335","unstructured_splatter_X_and_Beta","nonsparsity","0.2","IBMR_no_Gamma","ORC_fine_clean","hellinger_distance",0.0722476735305687,0.00729985605264858
"336","unstructured_splatter_X_and_Beta","nonsparsity","0.2","IBMR_no_Gamma","ORC_fine_clean","KL_divergence",0.032968632508686,0.00500006437496201
"337","unstructured_splatter_X_and_Beta","nonsparsity","0.2","glmnet_subset","observed","Beta_FPR",0.355463840399002,0.0375204021888592
"338","unstructured_splatter_X_and_Beta","nonsparsity","0.2","glmnet_subset","observed","Beta_SSE",184.840196128669,15.7873333893193
"339","unstructured_splatter_X_and_Beta","nonsparsity","0.2","glmnet_subset","observed","Beta_TPR",0.909747474747475,0.0126234609686296
"340","unstructured_splatter_X_and_Beta","nonsparsity","0.2","glmnet_subset","observed","error",0.06036,0.023275360362409
"341","unstructured_splatter_X_and_Beta","nonsparsity","0.2","glmnet_subset","observed","hellinger_distance",0.125512251751204,0.0244198761704016
"342","unstructured_splatter_X_and_Beta","nonsparsity","0.2","glmnet_subset","observed","KL_divergence",0.133186786436925,0.0491586393955974
"343","unstructured_splatter_X_and_Beta","nonsparsity","0.2","glmnet_subset","ORC_fine","Beta_FPR",0.529195137157107,0.107412939261179
"344","unstructured_splatter_X_and_Beta","nonsparsity","0.2","glmnet_subset","ORC_fine","Beta_SSE",108.251113289606,21.4925148778275
"345","unstructured_splatter_X_and_Beta","nonsparsity","0.2","glmnet_subset","ORC_fine","Beta_TPR",0.968939393939394,0.0101218751952982
"346","unstructured_splatter_X_and_Beta","nonsparsity","0.2","glmnet_subset","ORC_fine","error",0.05507,0.0186861338965555
"347","unstructured_splatter_X_and_Beta","nonsparsity","0.2","glmnet_subset","ORC_fine","hellinger_distance",0.0939575387576352,0.0134736113245419
"348","unstructured_splatter_X_and_Beta","nonsparsity","0.2","glmnet_subset","ORC_fine","KL_divergence",0.059617169096083,0.0139887157025927
"349","unstructured_splatter_X_and_Beta","nonsparsity","0.2","glmnet_subset","ORC_clean","Beta_FPR",0.305495012468828,0.0419393790182367
"350","unstructured_splatter_X_and_Beta","nonsparsity","0.2","glmnet_subset","ORC_clean","Beta_SSE",103.665603884408,8.80380048910845
"351","unstructured_splatter_X_and_Beta","nonsparsity","0.2","glmnet_subset","ORC_clean","Beta_TPR",0.897646464646465,0.0209766644495224
"352","unstructured_splatter_X_and_Beta","nonsparsity","0.2","glmnet_subset","ORC_clean","error",0.0554,0.0189602390983518
"353","unstructured_splatter_X_and_Beta","nonsparsity","0.2","glmnet_subset","ORC_clean","hellinger_distance",0.0844014265175507,0.0174158971200357
"354","unstructured_splatter_X_and_Beta","nonsparsity","0.2","glmnet_subset","ORC_clean","KL_divergence",0.0515384594496616,0.0184683114153273
"355","unstructured_splatter_X_and_Beta","nonsparsity","0.2","glmnet_subset","ORC_fine_clean","Beta_FPR",0.331063591022444,0.111796979525187
"356","unstructured_splatter_X_and_Beta","nonsparsity","0.2","glmnet_subset","ORC_fine_clean","Beta_SSE",64.9816364250751,19.2254774779085
"357","unstructured_splatter_X_and_Beta","nonsparsity","0.2","glmnet_subset","ORC_fine_clean","Beta_TPR",0.920787878787879,0.0233515274924332
"358","unstructured_splatter_X_and_Beta","nonsparsity","0.2","glmnet_subset","ORC_fine_clean","error",0.05503,0.0186856581961199
"359","unstructured_splatter_X_and_Beta","nonsparsity","0.2","glmnet_subset","ORC_fine_clean","hellinger_distance",0.0715825343410496,0.00785570007671405
"360","unstructured_splatter_X_and_Beta","nonsparsity","0.2","glmnet_subset","ORC_fine_clean","KL_divergence",0.0323144869990598,0.00549931927467826
"361","unstructured_splatter_X_and_Beta","nonsparsity","0.2","glmnet_relabel","observed","Beta_FPR",0.506730673316708,0.0988859407464949
"362","unstructured_splatter_X_and_Beta","nonsparsity","0.2","glmnet_relabel","observed","Beta_SSE",105.981226349951,22.6335845055207
"363","unstructured_splatter_X_and_Beta","nonsparsity","0.2","glmnet_relabel","observed","Beta_TPR",0.965909090909091,0.00905563677264569
"364","unstructured_splatter_X_and_Beta","nonsparsity","0.2","glmnet_relabel","observed","error",0.0551,0.0186834448405831
"365","unstructured_splatter_X_and_Beta","nonsparsity","0.2","glmnet_relabel","observed","hellinger_distance",0.0919468889531835,0.0129636774983369
"366","unstructured_splatter_X_and_Beta","nonsparsity","0.2","glmnet_relabel","observed","KL_divergence",0.0570572421448601,0.0132011058231471
"367","unstructured_splatter_X_and_Beta","nonsparsity","0.2","glmnet_relabel","ORC_fine","Beta_FPR",0.529195137157107,0.107412939261179
"368","unstructured_splatter_X_and_Beta","nonsparsity","0.2","glmnet_relabel","ORC_fine","Beta_SSE",108.251113289606,21.4925148778275
"369","unstructured_splatter_X_and_Beta","nonsparsity","0.2","glmnet_relabel","ORC_fine","Beta_TPR",0.968939393939394,0.0101218751952982
"370","unstructured_splatter_X_and_Beta","nonsparsity","0.2","glmnet_relabel","ORC_fine","error",0.05507,0.0186861338965555
"371","unstructured_splatter_X_and_Beta","nonsparsity","0.2","glmnet_relabel","ORC_fine","hellinger_distance",0.0939575387576352,0.0134736113245419
"372","unstructured_splatter_X_and_Beta","nonsparsity","0.2","glmnet_relabel","ORC_fine","KL_divergence",0.059617169096083,0.0139887157025927
"373","unstructured_splatter_X_and_Beta","nonsparsity","0.2","glmnet_relabel","ORC_clean","Beta_FPR",0.294086034912718,0.0993345694193277
"374","unstructured_splatter_X_and_Beta","nonsparsity","0.2","glmnet_relabel","ORC_clean","Beta_SSE",67.0224023688478,16.9293408081319
"375","unstructured_splatter_X_and_Beta","nonsparsity","0.2","glmnet_relabel","ORC_clean","Beta_TPR",0.938838383838384,0.0184695587873128
"376","unstructured_splatter_X_and_Beta","nonsparsity","0.2","glmnet_relabel","ORC_clean","error",0.05503,0.0186856581961199
"377","unstructured_splatter_X_and_Beta","nonsparsity","0.2","glmnet_relabel","ORC_clean","hellinger_distance",0.0714355929476512,0.00837221481665398
"378","unstructured_splatter_X_and_Beta","nonsparsity","0.2","glmnet_relabel","ORC_clean","KL_divergence",0.0324746777293507,0.00595711900839275
"379","unstructured_splatter_X_and_Beta","nonsparsity","0.2","glmnet_relabel","ORC_fine_clean","Beta_FPR",0.331063591022444,0.111796979525187
"380","unstructured_splatter_X_and_Beta","nonsparsity","0.2","glmnet_relabel","ORC_fine_clean","Beta_SSE",64.9816364250751,19.2254774779085
"381","unstructured_splatter_X_and_Beta","nonsparsity","0.2","glmnet_relabel","ORC_fine_clean","Beta_TPR",0.920787878787879,0.0233515274924332
"382","unstructured_splatter_X_and_Beta","nonsparsity","0.2","glmnet_relabel","ORC_fine_clean","error",0.05503,0.0186856581961199
"383","unstructured_splatter_X_and_Beta","nonsparsity","0.2","glmnet_relabel","ORC_fine_clean","hellinger_distance",0.0715825343410496,0.00785570007671405
"384","unstructured_splatter_X_and_Beta","nonsparsity","0.2","glmnet_relabel","ORC_fine_clean","KL_divergence",0.0323144869990598,0.00549931927467826
"385","unstructured_splatter_X_and_Beta","nonsparsity","0.25","IBMR","observed","Beta_FPR",0.395476806268775,0.0931452144398861
"386","unstructured_splatter_X_and_Beta","nonsparsity","0.25","IBMR","observed","Beta_SSE",132.114728465907,16.4476361115542
"387","unstructured_splatter_X_and_Beta","nonsparsity","0.25","IBMR","observed","Beta_TPR",0.944046391874246,0.0123497133392292
"388","unstructured_splatter_X_and_Beta","nonsparsity","0.25","IBMR","observed","error",0.01263,0.00617774140676743
"389","unstructured_splatter_X_and_Beta","nonsparsity","0.25","IBMR","observed","hellinger_distance",0.0407742560748858,0.011057521307594
"390","unstructured_splatter_X_and_Beta","nonsparsity","0.25","IBMR","observed","KL_divergence",0.0132482228503885,0.00801583795867102
"391","unstructured_splatter_X_and_Beta","nonsparsity","0.25","IBMR","ORC_fine","Beta_FPR",0.277653642782642,0.0727211831476683
"392","unstructured_splatter_X_and_Beta","nonsparsity","0.25","IBMR","ORC_fine","Beta_SSE",110.759414818927,11.7741030664808
"393","unstructured_splatter_X_and_Beta","nonsparsity","0.25","IBMR","ORC_fine","Beta_TPR",0.940491605513494,0.0153758639038047
"394","unstructured_splatter_X_and_Beta","nonsparsity","0.25","IBMR","ORC_fine","error",0.01266,0.00619111908749586
"395","unstructured_splatter_X_and_Beta","nonsparsity","0.25","IBMR","ORC_fine","hellinger_distance",0.036647404744051,0.0106748378298618
"396","unstructured_splatter_X_and_Beta","nonsparsity","0.25","IBMR","ORC_fine","KL_divergence",0.010309870508585,0.00750593089764783
"397","unstructured_splatter_X_and_Beta","nonsparsity","0.25","IBMR","ORC_clean","Beta_FPR",0.154351553639849,0.0540837375325932
"398","unstructured_splatter_X_and_Beta","nonsparsity","0.25","IBMR","ORC_clean","Beta_SSE",72.2253089306594,9.47439469099227
"399","unstructured_splatter_X_and_Beta","nonsparsity","0.25","IBMR","ORC_clean","Beta_TPR",0.906961931506315,0.0213431723462315
"400","unstructured_splatter_X_and_Beta","nonsparsity","0.25","IBMR","ORC_clean","error",0.01265,0.00620051969148106
"401","unstructured_splatter_X_and_Beta","nonsparsity","0.25","IBMR","ORC_clean","hellinger_distance",0.0313757474027176,0.00871803722939353
"402","unstructured_splatter_X_and_Beta","nonsparsity","0.25","IBMR","ORC_clean","KL_divergence",0.00782685306518929,0.00455089182241933
"403","unstructured_splatter_X_and_Beta","nonsparsity","0.25","IBMR","ORC_fine_clean","Beta_FPR",0.0793338222838171,0.0381865522088319
"404","unstructured_splatter_X_and_Beta","nonsparsity","0.25","IBMR","ORC_fine_clean","Beta_SSE",56.6441226460423,7.38254129089452
"405","unstructured_splatter_X_and_Beta","nonsparsity","0.25","IBMR","ORC_fine_clean","Beta_TPR",0.870175425333218,0.0211549068318613
"406","unstructured_splatter_X_and_Beta","nonsparsity","0.25","IBMR","ORC_fine_clean","error",0.01264,0.0061945639251058
"407","unstructured_splatter_X_and_Beta","nonsparsity","0.25","IBMR","ORC_fine_clean","hellinger_distance",0.0264697091086835,0.00682114234018744
"408","unstructured_splatter_X_and_Beta","nonsparsity","0.25","IBMR","ORC_fine_clean","KL_divergence",0.00515372424738678,0.00270047295561612
"409","unstructured_splatter_X_and_Beta","nonsparsity","0.25","IBMR_int","observed","Beta_FPR",0.389642992144288,0.0772281343828221
"410","unstructured_splatter_X_and_Beta","nonsparsity","0.25","IBMR_int","observed","Beta_SSE",129.321693458257,14.55409089978
"411","unstructured_splatter_X_and_Beta","nonsparsity","0.25","IBMR_int","observed","Beta_TPR",0.934987299008838,0.00989422660003465
"412","unstructured_splatter_X_and_Beta","nonsparsity","0.25","IBMR_int","observed","error",0.01263,0.00615691481181931
"413","unstructured_splatter_X_and_Beta","nonsparsity","0.25","IBMR_int","observed","hellinger_distance",0.0405291578564273,0.0106598002963841
"414","unstructured_splatter_X_and_Beta","nonsparsity","0.25","IBMR_int","observed","KL_divergence",0.0133217441924247,0.00760104010467706
"415","unstructured_splatter_X_and_Beta","nonsparsity","0.25","IBMR_int","ORC_fine","Beta_FPR",0.474462677575622,0.0815557756794977
"416","unstructured_splatter_X_and_Beta","nonsparsity","0.25","IBMR_int","ORC_fine","Beta_SSE",137.587437941309,14.3457666653388
"417","unstructured_splatter_X_and_Beta","nonsparsity","0.25","IBMR_int","ORC_fine","Beta_TPR",0.955724475571676,0.0123221884665195
"418","unstructured_splatter_X_and_Beta","nonsparsity","0.25","IBMR_int","ORC_fine","error",0.01266,0.006191478014174
"419","unstructured_splatter_X_and_Beta","nonsparsity","0.25","IBMR_int","ORC_fine","hellinger_distance",0.0423704296332994,0.0117558478012023
"420","unstructured_splatter_X_and_Beta","nonsparsity","0.25","IBMR_int","ORC_fine","KL_divergence",0.0151859215750431,0.00918692158800608
"421","unstructured_splatter_X_and_Beta","nonsparsity","0.25","IBMR_int","ORC_clean","Beta_FPR",0.217365365650161,0.0566636381420215
"422","unstructured_splatter_X_and_Beta","nonsparsity","0.25","IBMR_int","ORC_clean","Beta_SSE",85.432559869919,12.0364977167052
"423","unstructured_splatter_X_and_Beta","nonsparsity","0.25","IBMR_int","ORC_clean","Beta_TPR",0.913402115716779,0.0188419615358296
"424","unstructured_splatter_X_and_Beta","nonsparsity","0.25","IBMR_int","ORC_clean","error",0.01263,0.00617774140676743
"425","unstructured_splatter_X_and_Beta","nonsparsity","0.25","IBMR_int","ORC_clean","hellinger_distance",0.033612121173823,0.00844050385256427
"426","unstructured_splatter_X_and_Beta","nonsparsity","0.25","IBMR_int","ORC_clean","KL_divergence",0.00929043395220653,0.0044242257092303
"427","unstructured_splatter_X_and_Beta","nonsparsity","0.25","IBMR_int","ORC_fine_clean","Beta_FPR",0.243825595987232,0.0599552175070459
"428","unstructured_splatter_X_and_Beta","nonsparsity","0.25","IBMR_int","ORC_fine_clean","Beta_SSE",84.8307404920907,11.449486178577
"429","unstructured_splatter_X_and_Beta","nonsparsity","0.25","IBMR_int","ORC_fine_clean","Beta_TPR",0.918727551072895,0.0158636491699702
"430","unstructured_splatter_X_and_Beta","nonsparsity","0.25","IBMR_int","ORC_fine_clean","error",0.01265,0.0061929888673492
"431","unstructured_splatter_X_and_Beta","nonsparsity","0.25","IBMR_int","ORC_fine_clean","hellinger_distance",0.0343111609007048,0.00849502360049356
"432","unstructured_splatter_X_and_Beta","nonsparsity","0.25","IBMR_int","ORC_fine_clean","KL_divergence",0.00969965528405233,0.0045378668328634
"433","unstructured_splatter_X_and_Beta","nonsparsity","0.25","IBMR_common_Gamma","observed","Beta_FPR",0.424237736394122,0.0851432545622388
"434","unstructured_splatter_X_and_Beta","nonsparsity","0.25","IBMR_common_Gamma","observed","Beta_SSE",139.975954028029,17.6793691434232
"435","unstructured_splatter_X_and_Beta","nonsparsity","0.25","IBMR_common_Gamma","observed","Beta_TPR",0.948206686060346,0.0118150683428296
"436","unstructured_splatter_X_and_Beta","nonsparsity","0.25","IBMR_common_Gamma","observed","error",0.01265,0.00621140528025306
"437","unstructured_splatter_X_and_Beta","nonsparsity","0.25","IBMR_common_Gamma","observed","hellinger_distance",0.0419573018898014,0.0110381978462983
"438","unstructured_splatter_X_and_Beta","nonsparsity","0.25","IBMR_common_Gamma","observed","KL_divergence",0.0140524076225522,0.0080756359751922
"439","unstructured_splatter_X_and_Beta","nonsparsity","0.25","IBMR_common_Gamma","ORC_fine","Beta_FPR",0.481611120032361,0.0808659790246422
"440","unstructured_splatter_X_and_Beta","nonsparsity","0.25","IBMR_common_Gamma","ORC_fine","Beta_SSE",140.535510083181,13.9073397657056
"441","unstructured_splatter_X_and_Beta","nonsparsity","0.25","IBMR_common_Gamma","ORC_fine","Beta_TPR",0.957512905323742,0.0125170777036918
"442","unstructured_splatter_X_and_Beta","nonsparsity","0.25","IBMR_common_Gamma","ORC_fine","error",0.01266,0.006191478014174
"443","unstructured_splatter_X_and_Beta","nonsparsity","0.25","IBMR_common_Gamma","ORC_fine","hellinger_distance",0.0425488860607657,0.0117269265101578
"444","unstructured_splatter_X_and_Beta","nonsparsity","0.25","IBMR_common_Gamma","ORC_fine","KL_divergence",0.0152818564650313,0.0091574068316169
"445","unstructured_splatter_X_and_Beta","nonsparsity","0.25","IBMR_common_Gamma","ORC_clean","Beta_FPR",0.280548794264536,0.072043116742596
"446","unstructured_splatter_X_and_Beta","nonsparsity","0.25","IBMR_common_Gamma","ORC_clean","Beta_SSE",102.152094892876,17.3928346230235
"447","unstructured_splatter_X_and_Beta","nonsparsity","0.25","IBMR_common_Gamma","ORC_clean","Beta_TPR",0.928805931242462,0.0158993171852594
"448","unstructured_splatter_X_and_Beta","nonsparsity","0.25","IBMR_common_Gamma","ORC_clean","error",0.01263,0.00617774140676743
"449","unstructured_splatter_X_and_Beta","nonsparsity","0.25","IBMR_common_Gamma","ORC_clean","hellinger_distance",0.0363673392971584,0.00905610868750313
"450","unstructured_splatter_X_and_Beta","nonsparsity","0.25","IBMR_common_Gamma","ORC_clean","KL_divergence",0.0107210432821394,0.00515267613087679
"451","unstructured_splatter_X_and_Beta","nonsparsity","0.25","IBMR_common_Gamma","ORC_fine_clean","Beta_FPR",0.299790608518612,0.0651611295019456
"452","unstructured_splatter_X_and_Beta","nonsparsity","0.25","IBMR_common_Gamma","ORC_fine_clean","Beta_SSE",95.3736941288872,13.1118783133973
"453","unstructured_splatter_X_and_Beta","nonsparsity","0.25","IBMR_common_Gamma","ORC_fine_clean","Beta_TPR",0.922083061978197,0.0112193514756764
"454","unstructured_splatter_X_and_Beta","nonsparsity","0.25","IBMR_common_Gamma","ORC_fine_clean","error",0.01264,0.0061945639251058
"455","unstructured_splatter_X_and_Beta","nonsparsity","0.25","IBMR_common_Gamma","ORC_fine_clean","hellinger_distance",0.0367874327669418,0.00932001174867346
"456","unstructured_splatter_X_and_Beta","nonsparsity","0.25","IBMR_common_Gamma","ORC_fine_clean","KL_divergence",0.0113514590618683,0.00530173431717835
"457","unstructured_splatter_X_and_Beta","nonsparsity","0.25","IBMR_no_Gamma","observed","Beta_FPR",0.405803206748952,0.0812995429795753
"458","unstructured_splatter_X_and_Beta","nonsparsity","0.25","IBMR_no_Gamma","observed","Beta_SSE",133.760532285134,14.2872597874308
"459","unstructured_splatter_X_and_Beta","nonsparsity","0.25","IBMR_no_Gamma","observed","Beta_TPR",0.936554273370397,0.00786668354415511
"460","unstructured_splatter_X_and_Beta","nonsparsity","0.25","IBMR_no_Gamma","observed","error",0.01265,0.00621140528025306
"461","unstructured_splatter_X_and_Beta","nonsparsity","0.25","IBMR_no_Gamma","observed","hellinger_distance",0.0413763616942059,0.0111131186635076
"462","unstructured_splatter_X_and_Beta","nonsparsity","0.25","IBMR_no_Gamma","observed","KL_divergence",0.0142476767429699,0.00827100004631295
"463","unstructured_splatter_X_and_Beta","nonsparsity","0.25","IBMR_no_Gamma","ORC_fine","Beta_FPR",0.479770639945072,0.0820491007622317
"464","unstructured_splatter_X_and_Beta","nonsparsity","0.25","IBMR_no_Gamma","ORC_fine","Beta_SSE",140.103077843796,14.5865624069591
"465","unstructured_splatter_X_and_Beta","nonsparsity","0.25","IBMR_no_Gamma","ORC_fine","Beta_TPR",0.958312905323742,0.0126888074655946
"466","unstructured_splatter_X_and_Beta","nonsparsity","0.25","IBMR_no_Gamma","ORC_fine","error",0.01266,0.006191478014174
"467","unstructured_splatter_X_and_Beta","nonsparsity","0.25","IBMR_no_Gamma","ORC_fine","hellinger_distance",0.0426129834689809,0.0117818538082356
"468","unstructured_splatter_X_and_Beta","nonsparsity","0.25","IBMR_no_Gamma","ORC_fine","KL_divergence",0.015405207278357,0.00922383169355347
"469","unstructured_splatter_X_and_Beta","nonsparsity","0.25","IBMR_no_Gamma","ORC_clean","Beta_FPR",0.263053237263245,0.065503537267694
"470","unstructured_splatter_X_and_Beta","nonsparsity","0.25","IBMR_no_Gamma","ORC_clean","Beta_SSE",97.4096948227503,15.4270503532049
"471","unstructured_splatter_X_and_Beta","nonsparsity","0.25","IBMR_no_Gamma","ORC_clean","Beta_TPR",0.914799201414185,0.0203692438607529
"472","unstructured_splatter_X_and_Beta","nonsparsity","0.25","IBMR_no_Gamma","ORC_clean","error",0.01263,0.00617774140676743
"473","unstructured_splatter_X_and_Beta","nonsparsity","0.25","IBMR_no_Gamma","ORC_clean","hellinger_distance",0.0366461627730551,0.00911042031268342
"474","unstructured_splatter_X_and_Beta","nonsparsity","0.25","IBMR_no_Gamma","ORC_clean","KL_divergence",0.0109956357355485,0.00530475993286185
"475","unstructured_splatter_X_and_Beta","nonsparsity","0.25","IBMR_no_Gamma","ORC_fine_clean","Beta_FPR",0.298398324465315,0.0610619460240892
"476","unstructured_splatter_X_and_Beta","nonsparsity","0.25","IBMR_no_Gamma","ORC_fine_clean","Beta_SSE",95.140784732646,13.8552710450282
"477","unstructured_splatter_X_and_Beta","nonsparsity","0.25","IBMR_no_Gamma","ORC_fine_clean","Beta_TPR",0.922174899364142,0.0115862655772425
"478","unstructured_splatter_X_and_Beta","nonsparsity","0.25","IBMR_no_Gamma","ORC_fine_clean","error",0.01264,0.0061945639251058
"479","unstructured_splatter_X_and_Beta","nonsparsity","0.25","IBMR_no_Gamma","ORC_fine_clean","hellinger_distance",0.0370743096582371,0.00936933977397097
"480","unstructured_splatter_X_and_Beta","nonsparsity","0.25","IBMR_no_Gamma","ORC_fine_clean","KL_divergence",0.0115396311982248,0.0054862602646746
"481","unstructured_splatter_X_and_Beta","nonsparsity","0.25","glmnet_subset","observed","Beta_FPR",0.144698731626,0.0474852484242434
"482","unstructured_splatter_X_and_Beta","nonsparsity","0.25","glmnet_subset","observed","Beta_SSE",144.031855432776,24.3177971687093
"483","unstructured_splatter_X_and_Beta","nonsparsity","0.25","glmnet_subset","observed","Beta_TPR",0.88834367877555,0.0188469161140269
"484","unstructured_splatter_X_and_Beta","nonsparsity","0.25","glmnet_subset","observed","error",0.01352,0.00739734486901287
"485","unstructured_splatter_X_and_Beta","nonsparsity","0.25","glmnet_subset","observed","hellinger_distance",0.0598366634110408,0.0128658763273794
"486","unstructured_splatter_X_and_Beta","nonsparsity","0.25","glmnet_subset","observed","KL_divergence",0.0428005324069595,0.0191291289732239
"487","unstructured_splatter_X_and_Beta","nonsparsity","0.25","glmnet_subset","ORC_fine","Beta_FPR",0.568831461186816,0.077485340083205
"488","unstructured_splatter_X_and_Beta","nonsparsity","0.25","glmnet_subset","ORC_fine","Beta_SSE",136.026475035224,14.4030233229661
"489","unstructured_splatter_X_and_Beta","nonsparsity","0.25","glmnet_subset","ORC_fine","Beta_TPR",0.974951413191054,0.00946073549518713
"490","unstructured_splatter_X_and_Beta","nonsparsity","0.25","glmnet_subset","ORC_fine","error",0.01266,0.006191478014174
"491","unstructured_splatter_X_and_Beta","nonsparsity","0.25","glmnet_subset","ORC_fine","hellinger_distance",0.0418495347017876,0.011713189408223
"492","unstructured_splatter_X_and_Beta","nonsparsity","0.25","glmnet_subset","ORC_fine","KL_divergence",0.0145941171355356,0.00898570031725371
"493","unstructured_splatter_X_and_Beta","nonsparsity","0.25","glmnet_subset","ORC_clean","Beta_FPR",0.116751071073466,0.0355762533906915
"494","unstructured_splatter_X_and_Beta","nonsparsity","0.25","glmnet_subset","ORC_clean","Beta_SSE",77.0104504156904,13.1751190335511
"495","unstructured_splatter_X_and_Beta","nonsparsity","0.25","glmnet_subset","ORC_clean","Beta_TPR",0.884122566046656,0.0161304883649747
"496","unstructured_splatter_X_and_Beta","nonsparsity","0.25","glmnet_subset","ORC_clean","error",0.0127,0.00626631204670392
"497","unstructured_splatter_X_and_Beta","nonsparsity","0.25","glmnet_subset","ORC_clean","hellinger_distance",0.0314645389000229,0.00957306711336472
"498","unstructured_splatter_X_and_Beta","nonsparsity","0.25","glmnet_subset","ORC_clean","KL_divergence",0.00925084469222236,0.00583983640748722
"499","unstructured_splatter_X_and_Beta","nonsparsity","0.25","glmnet_subset","ORC_fine_clean","Beta_FPR",0.394345125773211,0.0843774500548712
"500","unstructured_splatter_X_and_Beta","nonsparsity","0.25","glmnet_subset","ORC_fine_clean","Beta_SSE",92.0215251789709,13.5211320746564
"501","unstructured_splatter_X_and_Beta","nonsparsity","0.25","glmnet_subset","ORC_fine_clean","Beta_TPR",0.950768989094277,0.0140011822036155
"502","unstructured_splatter_X_and_Beta","nonsparsity","0.25","glmnet_subset","ORC_fine_clean","error",0.01264,0.0061945639251058
"503","unstructured_splatter_X_and_Beta","nonsparsity","0.25","glmnet_subset","ORC_fine_clean","hellinger_distance",0.035707536233338,0.00956053812692998
"504","unstructured_splatter_X_and_Beta","nonsparsity","0.25","glmnet_subset","ORC_fine_clean","KL_divergence",0.0104953449908156,0.00537713234435314
"505","unstructured_splatter_X_and_Beta","nonsparsity","0.25","glmnet_relabel","observed","Beta_FPR",0.517886138272325,0.080802422748798
"506","unstructured_splatter_X_and_Beta","nonsparsity","0.25","glmnet_relabel","observed","Beta_SSE",127.545091846071,13.7012410798608
"507","unstructured_splatter_X_and_Beta","nonsparsity","0.25","glmnet_relabel","observed","Beta_TPR",0.96610637159386,0.0114952423424783
"508","unstructured_splatter_X_and_Beta","nonsparsity","0.25","glmnet_relabel","observed","error",0.01265,0.00619054835122777
"509","unstructured_splatter_X_and_Beta","nonsparsity","0.25","glmnet_relabel","observed","hellinger_distance",0.0405558581168379,0.0111471873126117
"510","unstructured_splatter_X_and_Beta","nonsparsity","0.25","glmnet_relabel","observed","KL_divergence",0.012910546397909,0.00802972760921265
"511","unstructured_splatter_X_and_Beta","nonsparsity","0.25","glmnet_relabel","ORC_fine","Beta_FPR",0.568831461186816,0.077485340083205
"512","unstructured_splatter_X_and_Beta","nonsparsity","0.25","glmnet_relabel","ORC_fine","Beta_SSE",136.026475035224,14.4030233229661
"513","unstructured_splatter_X_and_Beta","nonsparsity","0.25","glmnet_relabel","ORC_fine","Beta_TPR",0.974951413191054,0.00946073549518713
"514","unstructured_splatter_X_and_Beta","nonsparsity","0.25","glmnet_relabel","ORC_fine","error",0.01266,0.006191478014174
"515","unstructured_splatter_X_and_Beta","nonsparsity","0.25","glmnet_relabel","ORC_fine","hellinger_distance",0.0418495347017876,0.011713189408223
"516","unstructured_splatter_X_and_Beta","nonsparsity","0.25","glmnet_relabel","ORC_fine","KL_divergence",0.0145941171355356,0.00898570031725371
"517","unstructured_splatter_X_and_Beta","nonsparsity","0.25","glmnet_relabel","ORC_clean","Beta_FPR",0.387331715422734,0.073869220171415
"518","unstructured_splatter_X_and_Beta","nonsparsity","0.25","glmnet_relabel","ORC_clean","Beta_SSE",91.3235152748201,11.529037819309
"519","unstructured_splatter_X_and_Beta","nonsparsity","0.25","glmnet_relabel","ORC_clean","Beta_TPR",0.957516445903575,0.00840453491694551
"520","unstructured_splatter_X_and_Beta","nonsparsity","0.25","glmnet_relabel","ORC_clean","error",0.01264,0.0061945639251058
"521","unstructured_splatter_X_and_Beta","nonsparsity","0.25","glmnet_relabel","ORC_clean","hellinger_distance",0.0342287585261718,0.0091560082803419
"522","unstructured_splatter_X_and_Beta","nonsparsity","0.25","glmnet_relabel","ORC_clean","KL_divergence",0.00937648051102852,0.00492543052221078
"523","unstructured_splatter_X_and_Beta","nonsparsity","0.25","glmnet_relabel","ORC_fine_clean","Beta_FPR",0.394345125773211,0.0843774500548712
"524","unstructured_splatter_X_and_Beta","nonsparsity","0.25","glmnet_relabel","ORC_fine_clean","Beta_SSE",92.0215251789709,13.5211320746564
"525","unstructured_splatter_X_and_Beta","nonsparsity","0.25","glmnet_relabel","ORC_fine_clean","Beta_TPR",0.950768989094277,0.0140011822036155
"526","unstructured_splatter_X_and_Beta","nonsparsity","0.25","glmnet_relabel","ORC_fine_clean","error",0.01264,0.0061945639251058
"527","unstructured_splatter_X_and_Beta","nonsparsity","0.25","glmnet_relabel","ORC_fine_clean","hellinger_distance",0.035707536233338,0.00956053812692998
"528","unstructured_splatter_X_and_Beta","nonsparsity","0.25","glmnet_relabel","ORC_fine_clean","KL_divergence",0.0104953449908156,0.00537713234435314
"529","unstructured_splatter_X_and_Beta","nonsparsity","0.3","IBMR","observed","Beta_FPR",0.21915435314257,0.0420268257639638
"530","unstructured_splatter_X_and_Beta","nonsparsity","0.3","IBMR","observed","Beta_SSE",116.119657951144,17.0154117051208
"531","unstructured_splatter_X_and_Beta","nonsparsity","0.3","IBMR","observed","Beta_TPR",0.931984099351188,0.0220492682396968
"532","unstructured_splatter_X_and_Beta","nonsparsity","0.3","IBMR","observed","error",0.00468333333333333,0.00111763639485797
"533","unstructured_splatter_X_and_Beta","nonsparsity","0.3","IBMR","observed","hellinger_distance",0.0226855376164136,0.00212243036701441
"534","unstructured_splatter_X_and_Beta","nonsparsity","0.3","IBMR","observed","KL_divergence",0.00347623777420233,0.00110006321586362
"535","unstructured_splatter_X_and_Beta","nonsparsity","0.3","IBMR","ORC_fine","Beta_FPR",0.159284500867177,0.0643335376322578
"536","unstructured_splatter_X_and_Beta","nonsparsity","0.3","IBMR","ORC_fine","Beta_SSE",103.620229979091,19.5256400688035
"537","unstructured_splatter_X_and_Beta","nonsparsity","0.3","IBMR","ORC_fine","Beta_TPR",0.918739818177779,0.0171857517215559
"538","unstructured_splatter_X_and_Beta","nonsparsity","0.3","IBMR","ORC_fine","error",0.00466666666666667,0.00108648260199805
"539","unstructured_splatter_X_and_Beta","nonsparsity","0.3","IBMR","ORC_fine","hellinger_distance",0.0215271755487966,0.00320457677636727
"540","unstructured_splatter_X_and_Beta","nonsparsity","0.3","IBMR","ORC_fine","KL_divergence",0.00335308837886706,0.0017718189184389
"541","unstructured_splatter_X_and_Beta","nonsparsity","0.3","IBMR","ORC_clean","Beta_FPR",0.0822655222300335,0.0308912190012655
"542","unstructured_splatter_X_and_Beta","nonsparsity","0.3","IBMR","ORC_clean","Beta_SSE",69.4015620720254,13.8575512331157
"543","unstructured_splatter_X_and_Beta","nonsparsity","0.3","IBMR","ORC_clean","Beta_TPR",0.873213794689814,0.0226729492115836
"544","unstructured_splatter_X_and_Beta","nonsparsity","0.3","IBMR","ORC_clean","error",0.00466666666666667,0.00108648260199805
"545","unstructured_splatter_X_and_Beta","nonsparsity","0.3","IBMR","ORC_clean","hellinger_distance",0.0173908634271195,0.00189859485227595
"546","unstructured_splatter_X_and_Beta","nonsparsity","0.3","IBMR","ORC_clean","KL_divergence",0.00226692863993795,0.00066618322148022
"547","unstructured_splatter_X_and_Beta","nonsparsity","0.3","IBMR","ORC_fine_clean","Beta_FPR",0.0289524734342632,0.0107605101817365
"548","unstructured_splatter_X_and_Beta","nonsparsity","0.3","IBMR","ORC_fine_clean","Beta_SSE",52.5737300940163,7.68031117036493
"549","unstructured_splatter_X_and_Beta","nonsparsity","0.3","IBMR","ORC_fine_clean","Beta_TPR",0.83193873404713,0.0346487930322754
"550","unstructured_splatter_X_and_Beta","nonsparsity","0.3","IBMR","ORC_fine_clean","error",0.00466666666666667,0.00108648260199805
"551","unstructured_splatter_X_and_Beta","nonsparsity","0.3","IBMR","ORC_fine_clean","hellinger_distance",0.0148028499838914,0.0019612258293401
"552","unstructured_splatter_X_and_Beta","nonsparsity","0.3","IBMR","ORC_fine_clean","KL_divergence",0.00164906561673416,0.000703785466631641
"553","unstructured_splatter_X_and_Beta","nonsparsity","0.3","IBMR_int","observed","Beta_FPR",0.256604249700882,0.0384708760332825
"554","unstructured_splatter_X_and_Beta","nonsparsity","0.3","IBMR_int","observed","Beta_SSE",118.768049189412,18.6776847903858
"555","unstructured_splatter_X_and_Beta","nonsparsity","0.3","IBMR_int","observed","Beta_TPR",0.917544085442555,0.027505062883881
"556","unstructured_splatter_X_and_Beta","nonsparsity","0.3","IBMR_int","observed","error",0.0047,0.00114891252930761
"557","unstructured_splatter_X_and_Beta","nonsparsity","0.3","IBMR_int","observed","hellinger_distance",0.0229900941675078,0.00268823442354971
"558","unstructured_splatter_X_and_Beta","nonsparsity","0.3","IBMR_int","observed","KL_divergence",0.00390283179816757,0.00159609177132714
"559","unstructured_splatter_X_and_Beta","nonsparsity","0.3","IBMR_int","ORC_fine","Beta_FPR",0.294056783503472,0.0396726748152355
"560","unstructured_splatter_X_and_Beta","nonsparsity","0.3","IBMR_int","ORC_fine","Beta_SSE",126.770998817901,27.0767824280439
"561","unstructured_splatter_X_and_Beta","nonsparsity","0.3","IBMR_int","ORC_fine","Beta_TPR",0.92722813088792,0.0211752221631758
"562","unstructured_splatter_X_and_Beta","nonsparsity","0.3","IBMR_int","ORC_fine","error",0.00466666666666667,0.00108648260199805
"563","unstructured_splatter_X_and_Beta","nonsparsity","0.3","IBMR_int","ORC_fine","hellinger_distance",0.0240341931967864,0.0032110948497743
"564","unstructured_splatter_X_and_Beta","nonsparsity","0.3","IBMR_int","ORC_fine","KL_divergence",0.0043949900766301,0.00198002596140824
"565","unstructured_splatter_X_and_Beta","nonsparsity","0.3","IBMR_int","ORC_clean","Beta_FPR",0.101672039842551,0.0335606267969907
"566","unstructured_splatter_X_and_Beta","nonsparsity","0.3","IBMR_int","ORC_clean","Beta_SSE",74.9083245394238,14.9454335559228
"567","unstructured_splatter_X_and_Beta","nonsparsity","0.3","IBMR_int","ORC_clean","Beta_TPR",0.876698023027514,0.0297691171871057
"568","unstructured_splatter_X_and_Beta","nonsparsity","0.3","IBMR_int","ORC_clean","error",0.00466666666666667,0.00108648260199805
"569","unstructured_splatter_X_and_Beta","nonsparsity","0.3","IBMR_int","ORC_clean","hellinger_distance",0.01966835297775,0.00240079116559021
"570","unstructured_splatter_X_and_Beta","nonsparsity","0.3","IBMR_int","ORC_clean","KL_divergence",0.00338529660968598,0.00112871012972756
"571","unstructured_splatter_X_and_Beta","nonsparsity","0.3","IBMR_int","ORC_fine_clean","Beta_FPR",0.136054590017115,0.0520073181367523
"572","unstructured_splatter_X_and_Beta","nonsparsity","0.3","IBMR_int","ORC_fine_clean","Beta_SSE",80.3804064097549,13.9121703524131
"573","unstructured_splatter_X_and_Beta","nonsparsity","0.3","IBMR_int","ORC_fine_clean","Beta_TPR",0.894511427124785,0.0271821677262018
"574","unstructured_splatter_X_and_Beta","nonsparsity","0.3","IBMR_int","ORC_fine_clean","error",0.00466666666666667,0.00108648260199805
"575","unstructured_splatter_X_and_Beta","nonsparsity","0.3","IBMR_int","ORC_fine_clean","hellinger_distance",0.0198101408547336,0.00304107919713315
"576","unstructured_splatter_X_and_Beta","nonsparsity","0.3","IBMR_int","ORC_fine_clean","KL_divergence",0.00327597774946794,0.00144809107348005
"577","unstructured_splatter_X_and_Beta","nonsparsity","0.3","IBMR_common_Gamma","observed","Beta_FPR",0.272542148159566,0.0486590475293294
"578","unstructured_splatter_X_and_Beta","nonsparsity","0.3","IBMR_common_Gamma","observed","Beta_SSE",126.323583350117,23.0134892253543
"579","unstructured_splatter_X_and_Beta","nonsparsity","0.3","IBMR_common_Gamma","observed","Beta_TPR",0.932584932364843,0.0147540965448575
"580","unstructured_splatter_X_and_Beta","nonsparsity","0.3","IBMR_common_Gamma","observed","error",0.00468333333333333,0.00111763639485797
"581","unstructured_splatter_X_and_Beta","nonsparsity","0.3","IBMR_common_Gamma","observed","hellinger_distance",0.0236244393590972,0.0026410308531867
"582","unstructured_splatter_X_and_Beta","nonsparsity","0.3","IBMR_common_Gamma","observed","KL_divergence",0.00419264919992085,0.00150496828920097
"583","unstructured_splatter_X_and_Beta","nonsparsity","0.3","IBMR_common_Gamma","ORC_fine","Beta_FPR",0.299633080355457,0.0311362717702331
"584","unstructured_splatter_X_and_Beta","nonsparsity","0.3","IBMR_common_Gamma","ORC_fine","Beta_SSE",132.840698629128,22.0716953971861
"585","unstructured_splatter_X_and_Beta","nonsparsity","0.3","IBMR_common_Gamma","ORC_fine","Beta_TPR",0.933159843850883,0.0212820757187306
"586","unstructured_splatter_X_and_Beta","nonsparsity","0.3","IBMR_common_Gamma","ORC_fine","error",0.00466666666666667,0.00108648260199805
"587","unstructured_splatter_X_and_Beta","nonsparsity","0.3","IBMR_common_Gamma","ORC_fine","hellinger_distance",0.0243825293473797,0.00295038840216234
"588","unstructured_splatter_X_and_Beta","nonsparsity","0.3","IBMR_common_Gamma","ORC_fine","KL_divergence",0.0046098766050129,0.00190061086374356
"589","unstructured_splatter_X_and_Beta","nonsparsity","0.3","IBMR_common_Gamma","ORC_clean","Beta_FPR",0.14644314839478,0.0502236030040182
"590","unstructured_splatter_X_and_Beta","nonsparsity","0.3","IBMR_common_Gamma","ORC_clean","Beta_SSE",90.4520581915868,18.2259880195549
"591","unstructured_splatter_X_and_Beta","nonsparsity","0.3","IBMR_common_Gamma","ORC_clean","Beta_TPR",0.890446028208141,0.0207592610089826
"592","unstructured_splatter_X_and_Beta","nonsparsity","0.3","IBMR_common_Gamma","ORC_clean","error",0.00466666666666667,0.00108648260199805
"593","unstructured_splatter_X_and_Beta","nonsparsity","0.3","IBMR_common_Gamma","ORC_clean","hellinger_distance",0.0203704092556166,0.00207450738794064
"594","unstructured_splatter_X_and_Beta","nonsparsity","0.3","IBMR_common_Gamma","ORC_clean","KL_divergence",0.0035871675204416,0.00100862180470077
"595","unstructured_splatter_X_and_Beta","nonsparsity","0.3","IBMR_common_Gamma","ORC_fine_clean","Beta_FPR",0.16979182418522,0.0431613482282398
"596","unstructured_splatter_X_and_Beta","nonsparsity","0.3","IBMR_common_Gamma","ORC_fine_clean","Beta_SSE",92.382823864146,17.4656875720574
"597","unstructured_splatter_X_and_Beta","nonsparsity","0.3","IBMR_common_Gamma","ORC_fine_clean","Beta_TPR",0.901507324729437,0.0220262086370888
"598","unstructured_splatter_X_and_Beta","nonsparsity","0.3","IBMR_common_Gamma","ORC_fine_clean","error",0.00466666666666667,0.00108648260199805
"599","unstructured_splatter_X_and_Beta","nonsparsity","0.3","IBMR_common_Gamma","ORC_fine_clean","hellinger_distance",0.0204751741448292,0.00214868202711312
"600","unstructured_splatter_X_and_Beta","nonsparsity","0.3","IBMR_common_Gamma","ORC_fine_clean","KL_divergence",0.00359459686501512,0.0010442727479515
"601","unstructured_splatter_X_and_Beta","nonsparsity","0.3","IBMR_no_Gamma","observed","Beta_FPR",0.26821785183791,0.041444764902529
"602","unstructured_splatter_X_and_Beta","nonsparsity","0.3","IBMR_no_Gamma","observed","Beta_SSE",125.062576189,21.2674624701251
"603","unstructured_splatter_X_and_Beta","nonsparsity","0.3","IBMR_no_Gamma","observed","Beta_TPR",0.929520164791147,0.0228181055345879
"604","unstructured_splatter_X_and_Beta","nonsparsity","0.3","IBMR_no_Gamma","observed","error",0.00466666666666667,0.00108648260199805
"605","unstructured_splatter_X_and_Beta","nonsparsity","0.3","IBMR_no_Gamma","observed","hellinger_distance",0.0234056121517932,0.00236040717467101
"606","unstructured_splatter_X_and_Beta","nonsparsity","0.3","IBMR_no_Gamma","observed","KL_divergence",0.00403624252455115,0.00132429981850307
"607","unstructured_splatter_X_and_Beta","nonsparsity","0.3","IBMR_no_Gamma","ORC_fine","Beta_FPR",0.299579355526971,0.0368131085140778
"608","unstructured_splatter_X_and_Beta","nonsparsity","0.3","IBMR_no_Gamma","ORC_fine","Beta_SSE",133.709558275497,23.6396033414236
"609","unstructured_splatter_X_and_Beta","nonsparsity","0.3","IBMR_no_Gamma","ORC_fine","Beta_TPR",0.933159843850883,0.0212820757187306
"610","unstructured_splatter_X_and_Beta","nonsparsity","0.3","IBMR_no_Gamma","ORC_fine","error",0.00466666666666667,0.00108648260199805
"611","unstructured_splatter_X_and_Beta","nonsparsity","0.3","IBMR_no_Gamma","ORC_fine","hellinger_distance",0.0244124952448069,0.00297433896740407
"612","unstructured_splatter_X_and_Beta","nonsparsity","0.3","IBMR_no_Gamma","ORC_fine","KL_divergence",0.0045433672542095,0.00191693705369132
"613","unstructured_splatter_X_and_Beta","nonsparsity","0.3","IBMR_no_Gamma","ORC_clean","Beta_FPR",0.152185474727974,0.0489829570518558
"614","unstructured_splatter_X_and_Beta","nonsparsity","0.3","IBMR_no_Gamma","ORC_clean","Beta_SSE",88.7657870353442,15.2549478686527
"615","unstructured_splatter_X_and_Beta","nonsparsity","0.3","IBMR_no_Gamma","ORC_clean","Beta_TPR",0.891411518570953,0.0250915811443304
"616","unstructured_splatter_X_and_Beta","nonsparsity","0.3","IBMR_no_Gamma","ORC_clean","error",0.00466666666666667,0.00108648260199805
"617","unstructured_splatter_X_and_Beta","nonsparsity","0.3","IBMR_no_Gamma","ORC_clean","hellinger_distance",0.019373800363367,0.00196589430619355
"618","unstructured_splatter_X_and_Beta","nonsparsity","0.3","IBMR_no_Gamma","ORC_clean","KL_divergence",0.00305189960433936,0.000858505860187733
"619","unstructured_splatter_X_and_Beta","nonsparsity","0.3","IBMR_no_Gamma","ORC_fine_clean","Beta_FPR",0.178438007194568,0.0482473362757134
"620","unstructured_splatter_X_and_Beta","nonsparsity","0.3","IBMR_no_Gamma","ORC_fine_clean","Beta_SSE",90.1254589129579,12.6349937284094
"621","unstructured_splatter_X_and_Beta","nonsparsity","0.3","IBMR_no_Gamma","ORC_fine_clean","Beta_TPR",0.907192317232957,0.0248147021641342
"622","unstructured_splatter_X_and_Beta","nonsparsity","0.3","IBMR_no_Gamma","ORC_fine_clean","error",0.00466666666666667,0.00108648260199805
"623","unstructured_splatter_X_and_Beta","nonsparsity","0.3","IBMR_no_Gamma","ORC_fine_clean","hellinger_distance",0.0203216671724189,0.00201136175584272
"624","unstructured_splatter_X_and_Beta","nonsparsity","0.3","IBMR_no_Gamma","ORC_fine_clean","KL_divergence",0.00351934452695407,0.000952324412614244
"625","unstructured_splatter_X_and_Beta","nonsparsity","0.3","glmnet_subset","observed","Beta_FPR",0.0571805947155722,0.0289602881687324
"626","unstructured_splatter_X_and_Beta","nonsparsity","0.3","glmnet_subset","observed","Beta_SSE",113.018577288019,19.8353217590779
"627","unstructured_splatter_X_and_Beta","nonsparsity","0.3","glmnet_subset","observed","Beta_TPR",0.811325454020933,0.0323748617786586
"628","unstructured_splatter_X_and_Beta","nonsparsity","0.3","glmnet_subset","observed","error",0.00495,0.0013384070133309
"629","unstructured_splatter_X_and_Beta","nonsparsity","0.3","glmnet_subset","observed","hellinger_distance",0.0499065634512769,0.00507393054425333
"630","unstructured_splatter_X_and_Beta","nonsparsity","0.3","glmnet_subset","observed","KL_divergence",0.0329881350178383,0.00798127391203964
"631","unstructured_splatter_X_and_Beta","nonsparsity","0.3","glmnet_subset","ORC_fine","Beta_FPR",0.416505897729866,0.0396084046162582
"632","unstructured_splatter_X_and_Beta","nonsparsity","0.3","glmnet_subset","ORC_fine","Beta_SSE",124.848596478919,18.8202762372492
"633","unstructured_splatter_X_and_Beta","nonsparsity","0.3","glmnet_subset","ORC_fine","Beta_TPR",0.967217304215137,0.0123089969987702
"634","unstructured_splatter_X_and_Beta","nonsparsity","0.3","glmnet_subset","ORC_fine","error",0.00466666666666667,0.00108648260199805
"635","unstructured_splatter_X_and_Beta","nonsparsity","0.3","glmnet_subset","ORC_fine","hellinger_distance",0.0237135766900772,0.0031230473436093
"636","unstructured_splatter_X_and_Beta","nonsparsity","0.3","glmnet_subset","ORC_fine","KL_divergence",0.00437684321800017,0.00192996941699412
"637","unstructured_splatter_X_and_Beta","nonsparsity","0.3","glmnet_subset","ORC_clean","Beta_FPR",0.0553000016851869,0.0285524138009974
"638","unstructured_splatter_X_and_Beta","nonsparsity","0.3","glmnet_subset","ORC_clean","Beta_SSE",62.7307742069105,11.9800838549093
"639","unstructured_splatter_X_and_Beta","nonsparsity","0.3","glmnet_subset","ORC_clean","Beta_TPR",0.841109842045859,0.0343636219282099
"640","unstructured_splatter_X_and_Beta","nonsparsity","0.3","glmnet_subset","ORC_clean","error",0.0047,0.0010670832519849
"641","unstructured_splatter_X_and_Beta","nonsparsity","0.3","glmnet_subset","ORC_clean","hellinger_distance",0.0171291947357046,0.00193427840363384
"642","unstructured_splatter_X_and_Beta","nonsparsity","0.3","glmnet_subset","ORC_clean","KL_divergence",0.00316545082688725,0.000933854278020246
"643","unstructured_splatter_X_and_Beta","nonsparsity","0.3","glmnet_subset","ORC_fine_clean","Beta_FPR",0.276679678999978,0.0582906767550574
"644","unstructured_splatter_X_and_Beta","nonsparsity","0.3","glmnet_subset","ORC_fine_clean","Beta_SSE",82.4443647672545,12.0493343271159
"645","unstructured_splatter_X_and_Beta","nonsparsity","0.3","glmnet_subset","ORC_fine_clean","Beta_TPR",0.943399414403641,0.0265550713172477
"646","unstructured_splatter_X_and_Beta","nonsparsity","0.3","glmnet_subset","ORC_fine_clean","error",0.00466666666666667,0.00108648260199805
"647","unstructured_splatter_X_and_Beta","nonsparsity","0.3","glmnet_subset","ORC_fine_clean","hellinger_distance",0.0193837554070817,0.00212750339606521
"648","unstructured_splatter_X_and_Beta","nonsparsity","0.3","glmnet_subset","ORC_fine_clean","KL_divergence",0.00316762502950264,0.000945372615766478
"649","unstructured_splatter_X_and_Beta","nonsparsity","0.3","glmnet_relabel","observed","Beta_FPR",0.369565762563538,0.048979824435863
"650","unstructured_splatter_X_and_Beta","nonsparsity","0.3","glmnet_relabel","observed","Beta_SSE",114.167651295036,15.6320896756247
"651","unstructured_splatter_X_and_Beta","nonsparsity","0.3","glmnet_relabel","observed","Beta_TPR",0.965973816514314,0.0118422245186917
"652","unstructured_splatter_X_and_Beta","nonsparsity","0.3","glmnet_relabel","observed","error",0.00466666666666667,0.00108648260199805
"653","unstructured_splatter_X_and_Beta","nonsparsity","0.3","glmnet_relabel","observed","hellinger_distance",0.0225705234153804,0.0023527581740643
"654","unstructured_splatter_X_and_Beta","nonsparsity","0.3","glmnet_relabel","observed","KL_divergence",0.00377918013050122,0.00122177450519763
"655","unstructured_splatter_X_and_Beta","nonsparsity","0.3","glmnet_relabel","ORC_fine","Beta_FPR",0.416505897729866,0.0396084046162582
"656","unstructured_splatter_X_and_Beta","nonsparsity","0.3","glmnet_relabel","ORC_fine","Beta_SSE",124.848596478919,18.8202762372492
"657","unstructured_splatter_X_and_Beta","nonsparsity","0.3","glmnet_relabel","ORC_fine","Beta_TPR",0.967217304215137,0.0123089969987702
"658","unstructured_splatter_X_and_Beta","nonsparsity","0.3","glmnet_relabel","ORC_fine","error",0.00466666666666667,0.00108648260199805
"659","unstructured_splatter_X_and_Beta","nonsparsity","0.3","glmnet_relabel","ORC_fine","hellinger_distance",0.0237135766900772,0.0031230473436093
"660","unstructured_splatter_X_and_Beta","nonsparsity","0.3","glmnet_relabel","ORC_fine","KL_divergence",0.00437684321800017,0.00192996941699412
"661","unstructured_splatter_X_and_Beta","nonsparsity","0.3","glmnet_relabel","ORC_clean","Beta_FPR",0.231505260406639,0.0737692642372571
"662","unstructured_splatter_X_and_Beta","nonsparsity","0.3","glmnet_relabel","ORC_clean","Beta_SSE",77.5712059227938,15.4275173701934
"663","unstructured_splatter_X_and_Beta","nonsparsity","0.3","glmnet_relabel","ORC_clean","Beta_TPR",0.938708070664623,0.0184544962311743
"664","unstructured_splatter_X_and_Beta","nonsparsity","0.3","glmnet_relabel","ORC_clean","error",0.00466666666666667,0.00108648260199805
"665","unstructured_splatter_X_and_Beta","nonsparsity","0.3","glmnet_relabel","ORC_clean","hellinger_distance",0.0189719967728712,0.00214062003719663
"666","unstructured_splatter_X_and_Beta","nonsparsity","0.3","glmnet_relabel","ORC_clean","KL_divergence",0.00300020769875485,0.000980407162183919
"667","unstructured_splatter_X_and_Beta","nonsparsity","0.3","glmnet_relabel","ORC_fine_clean","Beta_FPR",0.276679678999978,0.0582906767550574
"668","unstructured_splatter_X_and_Beta","nonsparsity","0.3","glmnet_relabel","ORC_fine_clean","Beta_SSE",82.4443647672545,12.0493343271159
"669","unstructured_splatter_X_and_Beta","nonsparsity","0.3","glmnet_relabel","ORC_fine_clean","Beta_TPR",0.943399414403641,0.0265550713172477
"670","unstructured_splatter_X_and_Beta","nonsparsity","0.3","glmnet_relabel","ORC_fine_clean","error",0.00466666666666667,0.00108648260199805
"671","unstructured_splatter_X_and_Beta","nonsparsity","0.3","glmnet_relabel","ORC_fine_clean","hellinger_distance",0.0193837554070817,0.00212750339606521
"672","unstructured_splatter_X_and_Beta","nonsparsity","0.3","glmnet_relabel","ORC_fine_clean","KL_divergence",0.00316762502950264,0.000945372615766478
